
> backend@1.0.0 dev
> nodemon src/server.js

[33m[nodemon] 3.1.11[39m
[33m[nodemon] to restart at any time, enter `rs`[39m
[33m[nodemon] watching path(s): *.*[39m
[33m[nodemon] watching extensions: js,mjs,cjs,json[39m
[32m[nodemon] starting `node src/server.js`[39m
[dotenv@17.2.3] injecting env (20) from .env -- tip: 🔑 add access controls to secrets: https://dotenvx.com/ops
[Scheduler] Starting background jobs...
Server running on http://localhost:5001
Backend initialized at 2026-05-04T14:00:36.975Z
[2026-05-04T14:22:53.399Z] [PID: 88672] [32m[NODE-CRON][32m [33m[WARN][0m missed execution at Mon May 04 2026 19:40:00 GMT+0530 (India Standard Time)! Possible blocking IO or high CPU user at the same process used by node-cron.
[2026-05-04T14:22:53.403Z] [PID: 88672] [32m[NODE-CRON][32m [33m[WARN][0m missed execution at Mon May 04 2026 19:45:00 GMT+0530 (India Standard Time)! Possible blocking IO or high CPU user at the same process used by node-cron.
[2026-05-04T14:22:53.405Z] [PID: 88672] [32m[NODE-CRON][32m [33m[WARN][0m missed execution at Mon May 04 2026 19:50:00 GMT+0530 (India Standard Time)! Possible blocking IO or high CPU user at the same process used by node-cron.
[2026-05-04T14:22:53.410Z] [PID: 88672] [32m[NODE-CRON][32m [33m[WARN][0m missed execution at Mon May 04 2026 19:40:00 GMT+0530 (India Standard Time)! Possible blocking IO or high CPU user at the same process used by node-cron.
[2026-05-04T14:22:53.411Z] [PID: 88672] [32m[NODE-CRON][32m [33m[WARN][0m missed execution at Mon May 04 2026 19:45:00 GMT+0530 (India Standard Time)! Possible blocking IO or high CPU user at the same process used by node-cron.
[2026-05-04T14:22:53.412Z] [PID: 88672] [32m[NODE-CRON][32m [33m[WARN][0m missed execution at Mon May 04 2026 19:50:00 GMT+0530 (India Standard Time)! Possible blocking IO or high CPU user at the same process used by node-cron.
[2026-05-04T14:44:09.559Z] [PID: 88672] [32m[NODE-CRON][32m [33m[WARN][0m missed execution at Mon May 04 2026 19:55:00 GMT+0530 (India Standard Time)! Possible blocking IO or high CPU user at the same process used by node-cron.
[2026-05-04T14:44:09.565Z] [PID: 88672] [32m[NODE-CRON][32m [33m[WARN][0m missed execution at Mon May 04 2026 20:00:00 GMT+0530 (India Standard Time)! Possible blocking IO or high CPU user at the same process used by node-cron.
[2026-05-04T14:44:09.567Z] [PID: 88672] [32m[NODE-CRON][32m [33m[WARN][0m missed execution at Mon May 04 2026 20:05:00 GMT+0530 (India Standard Time)! Possible blocking IO or high CPU user at the same process used by node-cron.
[2026-05-04T14:44:09.568Z] [PID: 88672] [32m[NODE-CRON][32m [33m[WARN][0m missed execution at Mon May 04 2026 20:10:00 GMT+0530 (India Standard Time)! Possible blocking IO or high CPU user at the same process used by node-cron.
[2026-05-04T14:44:09.573Z] [PID: 88672] [32m[NODE-CRON][32m [33m[WARN][0m missed execution at Mon May 04 2026 19:55:00 GMT+0530 (India Standard Time)! Possible blocking IO or high CPU user at the same process used by node-cron.
[2026-05-04T14:44:09.574Z] [PID: 88672] [32m[NODE-CRON][32m [33m[WARN][0m missed execution at Mon May 04 2026 20:00:00 GMT+0530 (India Standard Time)! Possible blocking IO or high CPU user at the same process used by node-cron.
[2026-05-04T14:44:09.576Z] [PID: 88672] [32m[NODE-CRON][32m [33m[WARN][0m missed execution at Mon May 04 2026 20:05:00 GMT+0530 (India Standard Time)! Possible blocking IO or high CPU user at the same process used by node-cron.
[2026-05-04T14:44:09.578Z] [PID: 88672] [32m[NODE-CRON][32m [33m[WARN][0m missed execution at Mon May 04 2026 20:10:00 GMT+0530 (India Standard Time)! Possible blocking IO or high CPU user at the same process used by node-cron.
[2026-05-04T14:44:09.581Z] [PID: 88672] [32m[NODE-CRON][32m [33m[WARN][0m missed execution at Mon May 04 2026 20:00:00 GMT+0530 (India Standard Time)! Possible blocking IO or high CPU user at the same process used by node-cron.
[2026-05-04T14:44:09.586Z] [PID: 88672] [32m[NODE-CRON][32m [33m[WARN][0m missed execution at Mon May 04 2026 20:00:00 GMT+0530 (India Standard Time)! Possible blocking IO or high CPU user at the same process used by node-cron.
Platform login failed: User role is not PLATFORM_OWNER. Role is: SUPER_ADMIN
Running Meta Ads polling fallback cron job...
Running Gmail fallback sync...
Gmail Cron: No active Gmail integration found
[FASTERQ] 2026-04-28→2026-05-04 depth=0: fetched=247 new=247 dup=0 | unique=247 | meta={"from":"2026-04-28T00:00:00Z","to":"2026-05-04T23:59:59Z","count":247}
[FASTERQ] DONE: 247 unique calls for 2026-04-28→2026-05-04
[FASTERQ] GET /api/fasterq/calls from=2026-04-28 to=2026-05-04 userId= userPhone=undefined
[FASTERQ CACHE HIT] 2026-04-28→2026-05-04: 247 calls
[CALLYZER SERVICE ERR] POST /call-log/summary (401): Request failed with status code 401
[CALLYZER UPSTREAM]: {"error":"invalid_token","error_description":"Invalid access token: 621dd521-52b2-442b-9059-4dc395ab598a"}
[CALLYZER SERVICE ERR] POST /call-log/hourly-analytics (401): Request failed with status code 401
[CALLYZER UPSTREAM]: {"error":"invalid_token","error_description":"Invalid access token: 621dd521-52b2-442b-9059-4dc395ab598a"}
[CALLYZER SERVICE ERR] POST /call-log/daywise-analytics (401): Request failed with status code 401
[CALLYZER UPSTREAM]: {"error":"invalid_token","error_description":"Invalid access token: 621dd521-52b2-442b-9059-4dc395ab598a"}
Chat Token Request Initiated
Chat Token Request Initiated
[CALLYZER SERVICE ERR] POST /call-log/analysis (401): Request failed with status code 401
[CALLYZER UPSTREAM]: {"error":"invalid_token","error_description":"Invalid access token: 621dd521-52b2-442b-9059-4dc395ab598a"}
[CALLYZER SERVICE ERR] POST /call-log/never-attended (401): Request failed with status code 401
[CALLYZER UPSTREAM]: {"error":"invalid_token","error_description":"Invalid access token: 621dd521-52b2-442b-9059-4dc395ab598a"}
[CALLYZER SERVICE ERR] POST /call-log/not-pickup-by-client (401): Request failed with status code 401
[CALLYZER UPSTREAM]: {"error":"invalid_token","error_description":"Invalid access token: 621dd521-52b2-442b-9059-4dc395ab598a"}
[CALLYZER ANALYTICS] Task 0 failed: Request failed with status code 401
[CALLYZER ANALYTICS] Task 1 failed: Request failed with status code 401
[CALLYZER ANALYTICS] Task 2 failed: Request failed with status code 401
[CALLYZER ANALYTICS] Task 3 failed: Request failed with status code 401
[CALLYZER ANALYTICS] Task 4 failed: Request failed with status code 401
[CALLYZER ANALYTICS] Task 5 failed: Request failed with status code 401
[CALLYZER SERVICE ERR] POST /call-log/history (401): Request failed with status code 401
[CALLYZER UPSTREAM]: {"error":"invalid_token","error_description":"Invalid access token: 621dd521-52b2-442b-9059-4dc395ab598a"}
Running Gmail fallback sync...
Running Meta Ads polling fallback cron job...
Gmail Cron: No active Gmail integration found
Running Meta Ads polling fallback cron job...
Running Gmail fallback sync...
Gmail Cron: No active Gmail integration found
Running Meta Ads polling fallback cron job...
Running Gmail fallback sync...
Gmail Cron: No active Gmail integration found
Running Gmail fallback sync...
Running Meta Ads polling fallback cron job...
Gmail Cron: No active Gmail integration found
authMiddleware rejected request for: /api/leads due to no token
authMiddleware rejected request for: /api/activities due to no token
authMiddleware rejected request for: /api/users due to no token
Running Meta Ads polling fallback cron job...
Running Gmail fallback sync...
Gmail Cron: No active Gmail integration found
Running Meta Ads polling fallback cron job...
Running Gmail fallback sync...
Gmail Cron: No active Gmail integration found
Running Gmail fallback sync...
Running Meta Ads polling fallback cron job...
[Scheduler] Running auto-checkout job...
[AUTO-CHECKOUT] Job started at 2026-05-04T16:30:00.018Z
Gmail Cron: No active Gmail integration found
[AUTO-CHECKOUT] No records to process
[2026-05-04T16:40:10.684Z] [PID: 88672] [32m[NODE-CRON][32m [33m[WARN][0m missed execution at Mon May 04 2026 22:10:00 GMT+0530 (India Standard Time)! Possible blocking IO or high CPU user at the same process used by node-cron.
[2026-05-04T16:40:10.694Z] [PID: 88672] [32m[NODE-CRON][32m [33m[WARN][0m missed execution at Mon May 04 2026 22:10:00 GMT+0530 (India Standard Time)! Possible blocking IO or high CPU user at the same process used by node-cron.
[2026-05-04T17:06:55.347Z] [PID: 88672] [32m[NODE-CRON][32m [33m[WARN][0m missed execution at Mon May 04 2026 22:15:00 GMT+0530 (India Standard Time)! Possible blocking IO or high CPU user at the same process used by node-cron.
[2026-05-04T17:06:55.350Z] [PID: 88672] [32m[NODE-CRON][32m [33m[WARN][0m missed execution at Mon May 04 2026 22:20:00 GMT+0530 (India Standard Time)! Possible blocking IO or high CPU user at the same process used by node-cron.
[2026-05-04T17:06:55.352Z] [PID: 88672] [32m[NODE-CRON][32m [33m[WARN][0m missed execution at Mon May 04 2026 22:25:00 GMT+0530 (India Standard Time)! Possible blocking IO or high CPU user at the same process used by node-cron.
[2026-05-04T17:06:55.354Z] [PID: 88672] [32m[NODE-CRON][32m [33m[WARN][0m missed execution at Mon May 04 2026 22:30:00 GMT+0530 (India Standard Time)! Possible blocking IO or high CPU user at the same process used by node-cron.
[2026-05-04T17:06:55.356Z] [PID: 88672] [32m[NODE-CRON][32m [33m[WARN][0m missed execution at Mon May 04 2026 22:35:00 GMT+0530 (India Standard Time)! Possible blocking IO or high CPU user at the same process used by node-cron.
[2026-05-04T17:06:55.362Z] [PID: 88672] [32m[NODE-CRON][32m [33m[WARN][0m missed execution at Mon May 04 2026 22:15:00 GMT+0530 (India Standard Time)! Possible blocking IO or high CPU user at the same process used by node-cron.
[2026-05-04T17:06:55.365Z] [PID: 88672] [32m[NODE-CRON][32m [33m[WARN][0m missed execution at Mon May 04 2026 22:20:00 GMT+0530 (India Standard Time)! Possible blocking IO or high CPU user at the same process used by node-cron.
[2026-05-04T17:06:55.367Z] [PID: 88672] [32m[NODE-CRON][32m [33m[WARN][0m missed execution at Mon May 04 2026 22:25:00 GMT+0530 (India Standard Time)! Possible blocking IO or high CPU user at the same process used by node-cron.
[2026-05-04T17:06:55.368Z] [PID: 88672] [32m[NODE-CRON][32m [33m[WARN][0m missed execution at Mon May 04 2026 22:30:00 GMT+0530 (India Standard Time)! Possible blocking IO or high CPU user at the same process used by node-cron.
[2026-05-04T17:06:55.371Z] [PID: 88672] [32m[NODE-CRON][32m [33m[WARN][0m missed execution at Mon May 04 2026 22:35:00 GMT+0530 (India Standard Time)! Possible blocking IO or high CPU user at the same process used by node-cron.
[2026-05-04T17:06:55.375Z] [PID: 88672] [32m[NODE-CRON][32m [33m[WARN][0m missed execution at Mon May 04 2026 22:15:00 GMT+0530 (India Standard Time)! Possible blocking IO or high CPU user at the same process used by node-cron.
[2026-05-04T17:06:55.379Z] [PID: 88672] [32m[NODE-CRON][32m [33m[WARN][0m missed execution at Mon May 04 2026 22:30:00 GMT+0530 (India Standard Time)! Possible blocking IO or high CPU user at the same process used by node-cron.
[2026-05-04T17:06:55.384Z] [PID: 88672] [32m[NODE-CRON][32m [33m[WARN][0m missed execution at Mon May 04 2026 22:15:00 GMT+0530 (India Standard Time)! Possible blocking IO or high CPU user at the same process used by node-cron.
[2026-05-04T17:06:55.385Z] [PID: 88672] [32m[NODE-CRON][32m [33m[WARN][0m missed execution at Mon May 04 2026 22:30:00 GMT+0530 (India Standard Time)! Possible blocking IO or high CPU user at the same process used by node-cron.
[2026-05-04T17:42:55.986Z] [PID: 88672] [32m[NODE-CRON][32m [33m[WARN][0m missed execution at Mon May 04 2026 22:40:00 GMT+0530 (India Standard Time)! Possible blocking IO or high CPU user at the same process used by node-cron.
[2026-05-04T17:42:55.989Z] [PID: 88672] [32m[NODE-CRON][32m [33m[WARN][0m missed execution at Mon May 04 2026 22:45:00 GMT+0530 (India Standard Time)! Possible blocking IO or high CPU user at the same process used by node-cron.
[2026-05-04T17:42:55.991Z] [PID: 88672] [32m[NODE-CRON][32m [33m[WARN][0m missed execution at Mon May 04 2026 22:50:00 GMT+0530 (India Standard Time)! Possible blocking IO or high CPU user at the same process used by node-cron.
[2026-05-04T17:42:55.994Z] [PID: 88672] [32m[NODE-CRON][32m [33m[WARN][0m missed execution at Mon May 04 2026 22:55:00 GMT+0530 (India Standard Time)! Possible blocking IO or high CPU user at the same process used by node-cron.
[2026-05-04T17:42:55.996Z] [PID: 88672] [32m[NODE-CRON][32m [33m[WARN][0m missed execution at Mon May 04 2026 23:00:00 GMT+0530 (India Standard Time)! Possible blocking IO or high CPU user at the same process used by node-cron.
[2026-05-04T17:42:55.999Z] [PID: 88672] [32m[NODE-CRON][32m [33m[WARN][0m missed execution at Mon May 04 2026 23:05:00 GMT+0530 (India Standard Time)! Possible blocking IO or high CPU user at the same process used by node-cron.
[2026-05-04T17:42:56.001Z] [PID: 88672] [32m[NODE-CRON][32m [33m[WARN][0m missed execution at Mon May 04 2026 23:10:00 GMT+0530 (India Standard Time)! Possible blocking IO or high CPU user at the same process used by node-cron.
[2026-05-04T17:42:56.007Z] [PID: 88672] [32m[NODE-CRON][32m [33m[WARN][0m missed execution at Mon May 04 2026 22:40:00 GMT+0530 (India Standard Time)! Possible blocking IO or high CPU user at the same process used by node-cron.
[2026-05-04T17:42:56.009Z] [PID: 88672] [32m[NODE-CRON][32m [33m[WARN][0m missed execution at Mon May 04 2026 22:45:00 GMT+0530 (India Standard Time)! Possible blocking IO or high CPU user at the same process used by node-cron.
[2026-05-04T17:42:56.010Z] [PID: 88672] [32m[NODE-CRON][32m [33m[WARN][0m missed execution at Mon May 04 2026 22:50:00 GMT+0530 (India Standard Time)! Possible blocking IO or high CPU user at the same process used by node-cron.
[2026-05-04T17:42:56.012Z] [PID: 88672] [32m[NODE-CRON][32m [33m[WARN][0m missed execution at Mon May 04 2026 22:55:00 GMT+0530 (India Standard Time)! Possible blocking IO or high CPU user at the same process used by node-cron.
[2026-05-04T17:42:56.013Z] [PID: 88672] [32m[NODE-CRON][32m [33m[WARN][0m missed execution at Mon May 04 2026 23:00:00 GMT+0530 (India Standard Time)! Possible blocking IO or high CPU user at the same process used by node-cron.
[2026-05-04T17:42:56.014Z] [PID: 88672] [32m[NODE-CRON][32m [33m[WARN][0m missed execution at Mon May 04 2026 23:05:00 GMT+0530 (India Standard Time)! Possible blocking IO or high CPU user at the same process used by node-cron.
[2026-05-04T17:42:56.015Z] [PID: 88672] [32m[NODE-CRON][32m [33m[WARN][0m missed execution at Mon May 04 2026 23:10:00 GMT+0530 (India Standard Time)! Possible blocking IO or high CPU user at the same process used by node-cron.
[2026-05-04T17:42:56.018Z] [PID: 88672] [32m[NODE-CRON][32m [33m[WARN][0m missed execution at Mon May 04 2026 22:45:00 GMT+0530 (India Standard Time)! Possible blocking IO or high CPU user at the same process used by node-cron.
[2026-05-04T17:42:56.019Z] [PID: 88672] [32m[NODE-CRON][32m [33m[WARN][0m missed execution at Mon May 04 2026 23:00:00 GMT+0530 (India Standard Time)! Possible blocking IO or high CPU user at the same process used by node-cron.
[2026-05-04T17:42:56.022Z] [PID: 88672] [32m[NODE-CRON][32m [33m[WARN][0m missed execution at Mon May 04 2026 22:45:00 GMT+0530 (India Standard Time)! Possible blocking IO or high CPU user at the same process used by node-cron.
[2026-05-04T17:42:56.023Z] [PID: 88672] [32m[NODE-CRON][32m [33m[WARN][0m missed execution at Mon May 04 2026 23:00:00 GMT+0530 (India Standard Time)! Possible blocking IO or high CPU user at the same process used by node-cron.
[2026-05-04T19:13:11.850Z] [PID: 88672] [32m[NODE-CRON][32m [33m[WARN][0m missed execution at Mon May 04 2026 23:15:00 GMT+0530 (India Standard Time)! Possible blocking IO or high CPU user at the same process used by node-cron.
[2026-05-04T19:13:11.853Z] [PID: 88672] [32m[NODE-CRON][32m [33m[WARN][0m missed execution at Mon May 04 2026 23:20:00 GMT+0530 (India Standard Time)! Possible blocking IO or high CPU user at the same process used by node-cron.
[2026-05-04T19:13:11.854Z] [PID: 88672] [32m[NODE-CRON][32m [33m[WARN][0m missed execution at Mon May 04 2026 23:25:00 GMT+0530 (India Standard Time)! Possible blocking IO or high CPU user at the same process used by node-cron.
[2026-05-04T19:13:11.856Z] [PID: 88672] [32m[NODE-CRON][32m [33m[WARN][0m missed execution at Mon May 04 2026 23:30:00 GMT+0530 (India Standard Time)! Possible blocking IO or high CPU user at the same process used by node-cron.
[2026-05-04T19:13:11.857Z] [PID: 88672] [32m[NODE-CRON][32m [33m[WARN][0m missed execution at Mon May 04 2026 23:35:00 GMT+0530 (India Standard Time)! Possible blocking IO or high CPU user at the same process used by node-cron.
[2026-05-04T19:13:11.858Z] [PID: 88672] [32m[NODE-CRON][32m [33m[WARN][0m missed execution at Mon May 04 2026 23:40:00 GMT+0530 (India Standard Time)! Possible blocking IO or high CPU user at the same process used by node-cron.
[2026-05-04T19:13:11.859Z] [PID: 88672] [32m[NODE-CRON][32m [33m[WARN][0m missed execution at Mon May 04 2026 23:45:00 GMT+0530 (India Standard Time)! Possible blocking IO or high CPU user at the same process used by node-cron.
[2026-05-04T19:13:11.860Z] [PID: 88672] [32m[NODE-CRON][32m [33m[WARN][0m missed execution at Mon May 04 2026 23:50:00 GMT+0530 (India Standard Time)! Possible blocking IO or high CPU user at the same process used by node-cron.
[2026-05-04T19:13:11.862Z] [PID: 88672] [32m[NODE-CRON][32m [33m[WARN][0m missed execution at Mon May 04 2026 23:55:00 GMT+0530 (India Standard Time)! Possible blocking IO or high CPU user at the same process used by node-cron.
[2026-05-04T19:13:11.865Z] [PID: 88672] [32m[NODE-CRON][32m [33m[WARN][0m missed execution at Tue May 05 2026 00:00:00 GMT+0530 (India Standard Time)! Possible blocking IO or high CPU user at the same process used by node-cron.
[2026-05-04T19:13:11.866Z] [PID: 88672] [32m[NODE-CRON][32m [33m[WARN][0m missed execution at Tue May 05 2026 00:05:00 GMT+0530 (India Standard Time)! Possible blocking IO or high CPU user at the same process used by node-cron.
[2026-05-04T19:13:11.869Z] [PID: 88672] [32m[NODE-CRON][32m [33m[WARN][0m missed execution at Tue May 05 2026 00:10:00 GMT+0530 (India Standard Time)! Possible blocking IO or high CPU user at the same process used by node-cron.
[2026-05-04T19:13:11.870Z] [PID: 88672] [32m[NODE-CRON][32m [33m[WARN][0m missed execution at Tue May 05 2026 00:15:00 GMT+0530 (India Standard Time)! Possible blocking IO or high CPU user at the same process used by node-cron.
[2026-05-04T19:13:11.871Z] [PID: 88672] [32m[NODE-CRON][32m [33m[WARN][0m missed execution at Tue May 05 2026 00:20:00 GMT+0530 (India Standard Time)! Possible blocking IO or high CPU user at the same process used by node-cron.
[2026-05-04T19:13:11.873Z] [PID: 88672] [32m[NODE-CRON][32m [33m[WARN][0m missed execution at Tue May 05 2026 00:25:00 GMT+0530 (India Standard Time)! Possible blocking IO or high CPU user at the same process used by node-cron.
[2026-05-04T19:13:11.874Z] [PID: 88672] [32m[NODE-CRON][32m [33m[WARN][0m missed execution at Tue May 05 2026 00:30:00 GMT+0530 (India Standard Time)! Possible blocking IO or high CPU user at the same process used by node-cron.
[2026-05-04T19:13:11.875Z] [PID: 88672] [32m[NODE-CRON][32m [33m[WARN][0m missed execution at Tue May 05 2026 00:35:00 GMT+0530 (India Standard Time)! Possible blocking IO or high CPU user at the same process used by node-cron.
[2026-05-04T19:13:11.876Z] [PID: 88672] [32m[NODE-CRON][32m [33m[WARN][0m missed execution at Tue May 05 2026 00:40:00 GMT+0530 (India Standard Time)! Possible blocking IO or high CPU user at the same process used by node-cron.
[2026-05-04T19:13:11.879Z] [PID: 88672] [32m[NODE-CRON][32m [33m[WARN][0m missed execution at Mon May 04 2026 23:15:00 GMT+0530 (India Standard Time)! Possible blocking IO or high CPU user at the same process used by node-cron.
[2026-05-04T19:13:11.881Z] [PID: 88672] [32m[NODE-CRON][32m [33m[WARN][0m missed execution at Mon May 04 2026 23:20:00 GMT+0530 (India Standard Time)! Possible blocking IO or high CPU user at the same process used by node-cron.
[2026-05-04T19:13:11.882Z] [PID: 88672] [32m[NODE-CRON][32m [33m[WARN][0m missed execution at Mon May 04 2026 23:25:00 GMT+0530 (India Standard Time)! Possible blocking IO or high CPU user at the same process used by node-cron.
[2026-05-04T19:13:11.883Z] [PID: 88672] [32m[NODE-CRON][32m [33m[WARN][0m missed execution at Mon May 04 2026 23:30:00 GMT+0530 (India Standard Time)! Possible blocking IO or high CPU user at the same process used by node-cron.
[2026-05-04T19:13:11.885Z] [PID: 88672] [32m[NODE-CRON][32m [33m[WARN][0m missed execution at Mon May 04 2026 23:35:00 GMT+0530 (India Standard Time)! Possible blocking IO or high CPU user at the same process used by node-cron.
[2026-05-04T19:13:11.886Z] [PID: 88672] [32m[NODE-CRON][32m [33m[WARN][0m missed execution at Mon May 04 2026 23:40:00 GMT+0530 (India Standard Time)! Possible blocking IO or high CPU user at the same process used by node-cron.
[2026-05-04T19:13:11.887Z] [PID: 88672] [32m[NODE-CRON][32m [33m[WARN][0m missed execution at Mon May 04 2026 23:45:00 GMT+0530 (India Standard Time)! Possible blocking IO or high CPU user at the same process used by node-cron.
[2026-05-04T19:13:11.888Z] [PID: 88672] [32m[NODE-CRON][32m [33m[WARN][0m missed execution at Mon May 04 2026 23:50:00 GMT+0530 (India Standard Time)! Possible blocking IO or high CPU user at the same process used by node-cron.
[2026-05-04T19:13:11.889Z] [PID: 88672] [32m[NODE-CRON][32m [33m[WARN][0m missed execution at Mon May 04 2026 23:55:00 GMT+0530 (India Standard Time)! Possible blocking IO or high CPU user at the same process used by node-cron.
[2026-05-04T19:13:11.890Z] [PID: 88672] [32m[NODE-CRON][32m [33m[WARN][0m missed execution at Tue May 05 2026 00:00:00 GMT+0530 (India Standard Time)! Possible blocking IO or high CPU user at the same process used by node-cron.
[2026-05-04T19:13:11.891Z] [PID: 88672] [32m[NODE-CRON][32m [33m[WARN][0m missed execution at Tue May 05 2026 00:05:00 GMT+0530 (India Standard Time)! Possible blocking IO or high CPU user at the same process used by node-cron.
[2026-05-04T19:13:11.892Z] [PID: 88672] [32m[NODE-CRON][32m [33m[WARN][0m missed execution at Tue May 05 2026 00:10:00 GMT+0530 (India Standard Time)! Possible blocking IO or high CPU user at the same process used by node-cron.
[2026-05-04T19:13:11.893Z] [PID: 88672] [32m[NODE-CRON][32m [33m[WARN][0m missed execution at Tue May 05 2026 00:15:00 GMT+0530 (India Standard Time)! Possible blocking IO or high CPU user at the same process used by node-cron.
[2026-05-04T19:13:11.894Z] [PID: 88672] [32m[NODE-CRON][32m [33m[WARN][0m missed execution at Tue May 05 2026 00:20:00 GMT+0530 (India Standard Time)! Possible blocking IO or high CPU user at the same process used by node-cron.
[2026-05-04T19:13:11.895Z] [PID: 88672] [32m[NODE-CRON][32m [33m[WARN][0m missed execution at Tue May 05 2026 00:25:00 GMT+0530 (India Standard Time)! Possible blocking IO or high CPU user at the same process used by node-cron.
[2026-05-04T19:13:11.896Z] [PID: 88672] [32m[NODE-CRON][32m [33m[WARN][0m missed execution at Tue May 05 2026 00:30:00 GMT+0530 (India Standard Time)! Possible blocking IO or high CPU user at the same process used by node-cron.
[2026-05-04T19:13:11.901Z] [PID: 88672] [32m[NODE-CRON][32m [33m[WARN][0m missed execution at Tue May 05 2026 00:35:00 GMT+0530 (India Standard Time)! Possible blocking IO or high CPU user at the same process used by node-cron.
[2026-05-04T19:13:11.901Z] [PID: 88672] [32m[NODE-CRON][32m [33m[WARN][0m missed execution at Tue May 05 2026 00:40:00 GMT+0530 (India Standard Time)! Possible blocking IO or high CPU user at the same process used by node-cron.
[2026-05-04T19:13:11.904Z] [PID: 88672] [32m[NODE-CRON][32m [33m[WARN][0m missed execution at Mon May 04 2026 23:15:00 GMT+0530 (India Standard Time)! Possible blocking IO or high CPU user at the same process used by node-cron.
[2026-05-04T19:13:11.904Z] [PID: 88672] [32m[NODE-CRON][32m [33m[WARN][0m missed execution at Mon May 04 2026 23:30:00 GMT+0530 (India Standard Time)! Possible blocking IO or high CPU user at the same process used by node-cron.
[2026-05-04T19:13:11.905Z] [PID: 88672] [32m[NODE-CRON][32m [33m[WARN][0m missed execution at Mon May 04 2026 23:45:00 GMT+0530 (India Standard Time)! Possible blocking IO or high CPU user at the same process used by node-cron.
[2026-05-04T19:13:11.906Z] [PID: 88672] [32m[NODE-CRON][32m [33m[WARN][0m missed execution at Tue May 05 2026 00:00:00 GMT+0530 (India Standard Time)! Possible blocking IO or high CPU user at the same process used by node-cron.
[2026-05-04T19:13:11.907Z] [PID: 88672] [32m[NODE-CRON][32m [33m[WARN][0m missed execution at Tue May 05 2026 00:15:00 GMT+0530 (India Standard Time)! Possible blocking IO or high CPU user at the same process used by node-cron.
[2026-05-04T19:13:11.908Z] [PID: 88672] [32m[NODE-CRON][32m [33m[WARN][0m missed execution at Tue May 05 2026 00:30:00 GMT+0530 (India Standard Time)! Possible blocking IO or high CPU user at the same process used by node-cron.
[2026-05-04T19:13:11.910Z] [PID: 88672] [32m[NODE-CRON][32m [33m[WARN][0m missed execution at Mon May 04 2026 23:15:00 GMT+0530 (India Standard Time)! Possible blocking IO or high CPU user at the same process used by node-cron.
[2026-05-04T19:13:11.911Z] [PID: 88672] [32m[NODE-CRON][32m [33m[WARN][0m missed execution at Mon May 04 2026 23:30:00 GMT+0530 (India Standard Time)! Possible blocking IO or high CPU user at the same process used by node-cron.
[2026-05-04T19:13:11.911Z] [PID: 88672] [32m[NODE-CRON][32m [33m[WARN][0m missed execution at Mon May 04 2026 23:45:00 GMT+0530 (India Standard Time)! Possible blocking IO or high CPU user at the same process used by node-cron.
[2026-05-04T19:13:11.912Z] [PID: 88672] [32m[NODE-CRON][32m [33m[WARN][0m missed execution at Tue May 05 2026 00:00:00 GMT+0530 (India Standard Time)! Possible blocking IO or high CPU user at the same process used by node-cron.
[2026-05-04T19:13:11.913Z] [PID: 88672] [32m[NODE-CRON][32m [33m[WARN][0m missed execution at Tue May 05 2026 00:15:00 GMT+0530 (India Standard Time)! Possible blocking IO or high CPU user at the same process used by node-cron.
[2026-05-04T19:13:11.914Z] [PID: 88672] [32m[NODE-CRON][32m [33m[WARN][0m missed execution at Tue May 05 2026 00:30:00 GMT+0530 (India Standard Time)! Possible blocking IO or high CPU user at the same process used by node-cron.
[2026-05-04T20:37:06.798Z] [PID: 88672] [32m[NODE-CRON][32m [33m[WARN][0m missed execution at Tue May 05 2026 00:45:00 GMT+0530 (India Standard Time)! Possible blocking IO or high CPU user at the same process used by node-cron.
[2026-05-04T20:37:06.801Z] [PID: 88672] [32m[NODE-CRON][32m [33m[WARN][0m missed execution at Tue May 05 2026 00:50:00 GMT+0530 (India Standard Time)! Possible blocking IO or high CPU user at the same process used by node-cron.
[2026-05-04T20:37:06.804Z] [PID: 88672] [32m[NODE-CRON][32m [33m[WARN][0m missed execution at Tue May 05 2026 00:55:00 GMT+0530 (India Standard Time)! Possible blocking IO or high CPU user at the same process used by node-cron.
[2026-05-04T20:37:06.807Z] [PID: 88672] [32m[NODE-CRON][32m [33m[WARN][0m missed execution at Tue May 05 2026 01:00:00 GMT+0530 (India Standard Time)! Possible blocking IO or high CPU user at the same process used by node-cron.
[2026-05-04T20:37:06.810Z] [PID: 88672] [32m[NODE-CRON][32m [33m[WARN][0m missed execution at Tue May 05 2026 01:05:00 GMT+0530 (India Standard Time)! Possible blocking IO or high CPU user at the same process used by node-cron.
[2026-05-04T20:37:06.812Z] [PID: 88672] [32m[NODE-CRON][32m [33m[WARN][0m missed execution at Tue May 05 2026 01:10:00 GMT+0530 (India Standard Time)! Possible blocking IO or high CPU user at the same process used by node-cron.
[2026-05-04T20:37:06.815Z] [PID: 88672] [32m[NODE-CRON][32m [33m[WARN][0m missed execution at Tue May 05 2026 01:15:00 GMT+0530 (India Standard Time)! Possible blocking IO or high CPU user at the same process used by node-cron.
[2026-05-04T20:37:06.817Z] [PID: 88672] [32m[NODE-CRON][32m [33m[WARN][0m missed execution at Tue May 05 2026 01:20:00 GMT+0530 (India Standard Time)! Possible blocking IO or high CPU user at the same process used by node-cron.
[2026-05-04T20:37:06.819Z] [PID: 88672] [32m[NODE-CRON][32m [33m[WARN][0m missed execution at Tue May 05 2026 01:25:00 GMT+0530 (India Standard Time)! Possible blocking IO or high CPU user at the same process used by node-cron.
[2026-05-04T20:37:06.820Z] [PID: 88672] [32m[NODE-CRON][32m [33m[WARN][0m missed execution at Tue May 05 2026 01:30:00 GMT+0530 (India Standard Time)! Possible blocking IO or high CPU user at the same process used by node-cron.
[2026-05-04T20:37:06.821Z] [PID: 88672] [32m[NODE-CRON][32m [33m[WARN][0m missed execution at Tue May 05 2026 01:35:00 GMT+0530 (India Standard Time)! Possible blocking IO or high CPU user at the same process used by node-cron.
[2026-05-04T20:37:06.823Z] [PID: 88672] [32m[NODE-CRON][32m [33m[WARN][0m missed execution at Tue May 05 2026 01:40:00 GMT+0530 (India Standard Time)! Possible blocking IO or high CPU user at the same process used by node-cron.
[2026-05-04T20:37:06.824Z] [PID: 88672] [32m[NODE-CRON][32m [33m[WARN][0m missed execution at Tue May 05 2026 01:45:00 GMT+0530 (India Standard Time)! Possible blocking IO or high CPU user at the same process used by node-cron.
[2026-05-04T20:37:06.825Z] [PID: 88672] [32m[NODE-CRON][32m [33m[WARN][0m missed execution at Tue May 05 2026 01:50:00 GMT+0530 (India Standard Time)! Possible blocking IO or high CPU user at the same process used by node-cron.
[2026-05-04T20:37:06.826Z] [PID: 88672] [32m[NODE-CRON][32m [33m[WARN][0m missed execution at Tue May 05 2026 01:55:00 GMT+0530 (India Standard Time)! Possible blocking IO or high CPU user at the same process used by node-cron.
[2026-05-04T20:37:06.827Z] [PID: 88672] [32m[NODE-CRON][32m [33m[WARN][0m missed execution at Tue May 05 2026 02:00:00 GMT+0530 (India Standard Time)! Possible blocking IO or high CPU user at the same process used by node-cron.
[2026-05-04T20:37:06.828Z] [PID: 88672] [32m[NODE-CRON][32m [33m[WARN][0m missed execution at Tue May 05 2026 02:05:00 GMT+0530 (India Standard Time)! Possible blocking IO or high CPU user at the same process used by node-cron.
[2026-05-04T20:37:06.831Z] [PID: 88672] [32m[NODE-CRON][32m [33m[WARN][0m missed execution at Tue May 05 2026 00:45:00 GMT+0530 (India Standard Time)! Possible blocking IO or high CPU user at the same process used by node-cron.
[2026-05-04T20:37:06.833Z] [PID: 88672] [32m[NODE-CRON][32m [33m[WARN][0m missed execution at Tue May 05 2026 00:50:00 GMT+0530 (India Standard Time)! Possible blocking IO or high CPU user at the same process used by node-cron.
[2026-05-04T20:37:06.834Z] [PID: 88672] [32m[NODE-CRON][32m [33m[WARN][0m missed execution at Tue May 05 2026 00:55:00 GMT+0530 (India Standard Time)! Possible blocking IO or high CPU user at the same process used by node-cron.
[2026-05-04T20:37:06.836Z] [PID: 88672] [32m[NODE-CRON][32m [33m[WARN][0m missed execution at Tue May 05 2026 01:00:00 GMT+0530 (India Standard Time)! Possible blocking IO or high CPU user at the same process used by node-cron.
[2026-05-04T20:37:06.837Z] [PID: 88672] [32m[NODE-CRON][32m [33m[WARN][0m missed execution at Tue May 05 2026 01:05:00 GMT+0530 (India Standard Time)! Possible blocking IO or high CPU user at the same process used by node-cron.
[2026-05-04T20:37:06.838Z] [PID: 88672] [32m[NODE-CRON][32m [33m[WARN][0m missed execution at Tue May 05 2026 01:10:00 GMT+0530 (India Standard Time)! Possible blocking IO or high CPU user at the same process used by node-cron.
[2026-05-04T20:37:06.839Z] [PID: 88672] [32m[NODE-CRON][32m [33m[WARN][0m missed execution at Tue May 05 2026 01:15:00 GMT+0530 (India Standard Time)! Possible blocking IO or high CPU user at the same process used by node-cron.
[2026-05-04T20:37:06.841Z] [PID: 88672] [32m[NODE-CRON][32m [33m[WARN][0m missed execution at Tue May 05 2026 01:20:00 GMT+0530 (India Standard Time)! Possible blocking IO or high CPU user at the same process used by node-cron.
[2026-05-04T20:37:06.842Z] [PID: 88672] [32m[NODE-CRON][32m [33m[WARN][0m missed execution at Tue May 05 2026 01:25:00 GMT+0530 (India Standard Time)! Possible blocking IO or high CPU user at the same process used by node-cron.
[2026-05-04T20:37:06.843Z] [PID: 88672] [32m[NODE-CRON][32m [33m[WARN][0m missed execution at Tue May 05 2026 01:30:00 GMT+0530 (India Standard Time)! Possible blocking IO or high CPU user at the same process used by node-cron.
[2026-05-04T20:37:06.844Z] [PID: 88672] [32m[NODE-CRON][32m [33m[WARN][0m missed execution at Tue May 05 2026 01:35:00 GMT+0530 (India Standard Time)! Possible blocking IO or high CPU user at the same process used by node-cron.
[2026-05-04T20:37:06.845Z] [PID: 88672] [32m[NODE-CRON][32m [33m[WARN][0m missed execution at Tue May 05 2026 01:40:00 GMT+0530 (India Standard Time)! Possible blocking IO or high CPU user at the same process used by node-cron.
[2026-05-04T20:37:06.846Z] [PID: 88672] [32m[NODE-CRON][32m [33m[WARN][0m missed execution at Tue May 05 2026 01:45:00 GMT+0530 (India Standard Time)! Possible blocking IO or high CPU user at the same process used by node-cron.
[2026-05-04T20:37:06.847Z] [PID: 88672] [32m[NODE-CRON][32m [33m[WARN][0m missed execution at Tue May 05 2026 01:50:00 GMT+0530 (India Standard Time)! Possible blocking IO or high CPU user at the same process used by node-cron.
[2026-05-04T20:37:06.848Z] [PID: 88672] [32m[NODE-CRON][32m [33m[WARN][0m missed execution at Tue May 05 2026 01:55:00 GMT+0530 (India Standard Time)! Possible blocking IO or high CPU user at the same process used by node-cron.
[2026-05-04T20:37:06.849Z] [PID: 88672] [32m[NODE-CRON][32m [33m[WARN][0m missed execution at Tue May 05 2026 02:00:00 GMT+0530 (India Standard Time)! Possible blocking IO or high CPU user at the same process used by node-cron.
[2026-05-04T20:37:06.850Z] [PID: 88672] [32m[NODE-CRON][32m [33m[WARN][0m missed execution at Tue May 05 2026 02:05:00 GMT+0530 (India Standard Time)! Possible blocking IO or high CPU user at the same process used by node-cron.
[2026-05-04T20:37:06.852Z] [PID: 88672] [32m[NODE-CRON][32m [33m[WARN][0m missed execution at Tue May 05 2026 00:45:00 GMT+0530 (India Standard Time)! Possible blocking IO or high CPU user at the same process used by node-cron.
[2026-05-04T20:37:06.853Z] [PID: 88672] [32m[NODE-CRON][32m [33m[WARN][0m missed execution at Tue May 05 2026 01:00:00 GMT+0530 (India Standard Time)! Possible blocking IO or high CPU user at the same process used by node-cron.
[2026-05-04T20:37:06.854Z] [PID: 88672] [32m[NODE-CRON][32m [33m[WARN][0m missed execution at Tue May 05 2026 01:15:00 GMT+0530 (India Standard Time)! Possible blocking IO or high CPU user at the same process used by node-cron.
[2026-05-04T20:37:06.855Z] [PID: 88672] [32m[NODE-CRON][32m [33m[WARN][0m missed execution at Tue May 05 2026 01:30:00 GMT+0530 (India Standard Time)! Possible blocking IO or high CPU user at the same process used by node-cron.
[2026-05-04T20:37:06.856Z] [PID: 88672] [32m[NODE-CRON][32m [33m[WARN][0m missed execution at Tue May 05 2026 01:45:00 GMT+0530 (India Standard Time)! Possible blocking IO or high CPU user at the same process used by node-cron.
[2026-05-04T20:37:06.856Z] [PID: 88672] [32m[NODE-CRON][32m [33m[WARN][0m missed execution at Tue May 05 2026 02:00:00 GMT+0530 (India Standard Time)! Possible blocking IO or high CPU user at the same process used by node-cron.
[2026-05-04T20:37:06.859Z] [PID: 88672] [32m[NODE-CRON][32m [33m[WARN][0m missed execution at Tue May 05 2026 00:45:00 GMT+0530 (India Standard Time)! Possible blocking IO or high CPU user at the same process used by node-cron.
[2026-05-04T20:37:06.859Z] [PID: 88672] [32m[NODE-CRON][32m [33m[WARN][0m missed execution at Tue May 05 2026 01:00:00 GMT+0530 (India Standard Time)! Possible blocking IO or high CPU user at the same process used by node-cron.
[2026-05-04T20:37:06.860Z] [PID: 88672] [32m[NODE-CRON][32m [33m[WARN][0m missed execution at Tue May 05 2026 01:15:00 GMT+0530 (India Standard Time)! Possible blocking IO or high CPU user at the same process used by node-cron.
[2026-05-04T20:37:06.861Z] [PID: 88672] [32m[NODE-CRON][32m [33m[WARN][0m missed execution at Tue May 05 2026 01:30:00 GMT+0530 (India Standard Time)! Possible blocking IO or high CPU user at the same process used by node-cron.
[2026-05-04T20:37:06.862Z] [PID: 88672] [32m[NODE-CRON][32m [33m[WARN][0m missed execution at Tue May 05 2026 01:45:00 GMT+0530 (India Standard Time)! Possible blocking IO or high CPU user at the same process used by node-cron.
[2026-05-04T20:37:06.863Z] [PID: 88672] [32m[NODE-CRON][32m [33m[WARN][0m missed execution at Tue May 05 2026 02:00:00 GMT+0530 (India Standard Time)! Possible blocking IO or high CPU user at the same process used by node-cron.
[2026-05-04T22:19:26.490Z] [PID: 88672] [32m[NODE-CRON][32m [33m[WARN][0m missed execution at Tue May 05 2026 02:10:00 GMT+0530 (India Standard Time)! Possible blocking IO or high CPU user at the same process used by node-cron.
[2026-05-04T22:19:26.493Z] [PID: 88672] [32m[NODE-CRON][32m [33m[WARN][0m missed execution at Tue May 05 2026 02:15:00 GMT+0530 (India Standard Time)! Possible blocking IO or high CPU user at the same process used by node-cron.
[2026-05-04T22:19:26.496Z] [PID: 88672] [32m[NODE-CRON][32m [33m[WARN][0m missed execution at Tue May 05 2026 02:20:00 GMT+0530 (India Standard Time)! Possible blocking IO or high CPU user at the same process used by node-cron.
[2026-05-04T22:19:26.498Z] [PID: 88672] [32m[NODE-CRON][32m [33m[WARN][0m missed execution at Tue May 05 2026 02:25:00 GMT+0530 (India Standard Time)! Possible blocking IO or high CPU user at the same process used by node-cron.
[2026-05-04T22:19:26.501Z] [PID: 88672] [32m[NODE-CRON][32m [33m[WARN][0m missed execution at Tue May 05 2026 02:30:00 GMT+0530 (India Standard Time)! Possible blocking IO or high CPU user at the same process used by node-cron.
[2026-05-04T22:19:26.503Z] [PID: 88672] [32m[NODE-CRON][32m [33m[WARN][0m missed execution at Tue May 05 2026 02:35:00 GMT+0530 (India Standard Time)! Possible blocking IO or high CPU user at the same process used by node-cron.
[2026-05-04T22:19:26.504Z] [PID: 88672] [32m[NODE-CRON][32m [33m[WARN][0m missed execution at Tue May 05 2026 02:40:00 GMT+0530 (India Standard Time)! Possible blocking IO or high CPU user at the same process used by node-cron.
[2026-05-04T22:19:26.506Z] [PID: 88672] [32m[NODE-CRON][32m [33m[WARN][0m missed execution at Tue May 05 2026 02:45:00 GMT+0530 (India Standard Time)! Possible blocking IO or high CPU user at the same process used by node-cron.
[2026-05-04T22:19:26.507Z] [PID: 88672] [32m[NODE-CRON][32m [33m[WARN][0m missed execution at Tue May 05 2026 02:50:00 GMT+0530 (India Standard Time)! Possible blocking IO or high CPU user at the same process used by node-cron.
[2026-05-04T22:19:26.509Z] [PID: 88672] [32m[NODE-CRON][32m [33m[WARN][0m missed execution at Tue May 05 2026 02:55:00 GMT+0530 (India Standard Time)! Possible blocking IO or high CPU user at the same process used by node-cron.
[2026-05-04T22:19:26.510Z] [PID: 88672] [32m[NODE-CRON][32m [33m[WARN][0m missed execution at Tue May 05 2026 03:00:00 GMT+0530 (India Standard Time)! Possible blocking IO or high CPU user at the same process used by node-cron.
[2026-05-04T22:19:26.511Z] [PID: 88672] [32m[NODE-CRON][32m [33m[WARN][0m missed execution at Tue May 05 2026 03:05:00 GMT+0530 (India Standard Time)! Possible blocking IO or high CPU user at the same process used by node-cron.
[2026-05-04T22:19:26.512Z] [PID: 88672] [32m[NODE-CRON][32m [33m[WARN][0m missed execution at Tue May 05 2026 03:10:00 GMT+0530 (India Standard Time)! Possible blocking IO or high CPU user at the same process used by node-cron.
[2026-05-04T22:19:26.514Z] [PID: 88672] [32m[NODE-CRON][32m [33m[WARN][0m missed execution at Tue May 05 2026 03:15:00 GMT+0530 (India Standard Time)! Possible blocking IO or high CPU user at the same process used by node-cron.
[2026-05-04T22:19:26.515Z] [PID: 88672] [32m[NODE-CRON][32m [33m[WARN][0m missed execution at Tue May 05 2026 03:20:00 GMT+0530 (India Standard Time)! Possible blocking IO or high CPU user at the same process used by node-cron.
[2026-05-04T22:19:26.516Z] [PID: 88672] [32m[NODE-CRON][32m [33m[WARN][0m missed execution at Tue May 05 2026 03:25:00 GMT+0530 (India Standard Time)! Possible blocking IO or high CPU user at the same process used by node-cron.
[2026-05-04T22:19:26.517Z] [PID: 88672] [32m[NODE-CRON][32m [33m[WARN][0m missed execution at Tue May 05 2026 03:30:00 GMT+0530 (India Standard Time)! Possible blocking IO or high CPU user at the same process used by node-cron.
[2026-05-04T22:19:26.518Z] [PID: 88672] [32m[NODE-CRON][32m [33m[WARN][0m missed execution at Tue May 05 2026 03:35:00 GMT+0530 (India Standard Time)! Possible blocking IO or high CPU user at the same process used by node-cron.
[2026-05-04T22:19:26.519Z] [PID: 88672] [32m[NODE-CRON][32m [33m[WARN][0m missed execution at Tue May 05 2026 03:40:00 GMT+0530 (India Standard Time)! Possible blocking IO or high CPU user at the same process used by node-cron.
[2026-05-04T22:19:26.521Z] [PID: 88672] [32m[NODE-CRON][32m [33m[WARN][0m missed execution at Tue May 05 2026 03:45:00 GMT+0530 (India Standard Time)! Possible blocking IO or high CPU user at the same process used by node-cron.
[2026-05-04T22:19:26.524Z] [PID: 88672] [32m[NODE-CRON][32m [33m[WARN][0m missed execution at Tue May 05 2026 02:10:00 GMT+0530 (India Standard Time)! Possible blocking IO or high CPU user at the same process used by node-cron.
[2026-05-04T22:19:26.526Z] [PID: 88672] [32m[NODE-CRON][32m [33m[WARN][0m missed execution at Tue May 05 2026 02:15:00 GMT+0530 (India Standard Time)! Possible blocking IO or high CPU user at the same process used by node-cron.
[2026-05-04T22:19:26.527Z] [PID: 88672] [32m[NODE-CRON][32m [33m[WARN][0m missed execution at Tue May 05 2026 02:20:00 GMT+0530 (India Standard Time)! Possible blocking IO or high CPU user at the same process used by node-cron.
[2026-05-04T22:19:26.528Z] [PID: 88672] [32m[NODE-CRON][32m [33m[WARN][0m missed execution at Tue May 05 2026 02:25:00 GMT+0530 (India Standard Time)! Possible blocking IO or high CPU user at the same process used by node-cron.
[2026-05-04T22:19:26.529Z] [PID: 88672] [32m[NODE-CRON][32m [33m[WARN][0m missed execution at Tue May 05 2026 02:30:00 GMT+0530 (India Standard Time)! Possible blocking IO or high CPU user at the same process used by node-cron.
[2026-05-04T22:19:26.529Z] [PID: 88672] [32m[NODE-CRON][32m [33m[WARN][0m missed execution at Tue May 05 2026 02:35:00 GMT+0530 (India Standard Time)! Possible blocking IO or high CPU user at the same process used by node-cron.
[2026-05-04T22:19:26.530Z] [PID: 88672] [32m[NODE-CRON][32m [33m[WARN][0m missed execution at Tue May 05 2026 02:40:00 GMT+0530 (India Standard Time)! Possible blocking IO or high CPU user at the same process used by node-cron.
[2026-05-04T22:19:26.531Z] [PID: 88672] [32m[NODE-CRON][32m [33m[WARN][0m missed execution at Tue May 05 2026 02:45:00 GMT+0530 (India Standard Time)! Possible blocking IO or high CPU user at the same process used by node-cron.
[2026-05-04T22:19:26.532Z] [PID: 88672] [32m[NODE-CRON][32m [33m[WARN][0m missed execution at Tue May 05 2026 02:50:00 GMT+0530 (India Standard Time)! Possible blocking IO or high CPU user at the same process used by node-cron.
[2026-05-04T22:19:26.533Z] [PID: 88672] [32m[NODE-CRON][32m [33m[WARN][0m missed execution at Tue May 05 2026 02:55:00 GMT+0530 (India Standard Time)! Possible blocking IO or high CPU user at the same process used by node-cron.
[2026-05-04T22:19:26.534Z] [PID: 88672] [32m[NODE-CRON][32m [33m[WARN][0m missed execution at Tue May 05 2026 03:00:00 GMT+0530 (India Standard Time)! Possible blocking IO or high CPU user at the same process used by node-cron.
[2026-05-04T22:19:26.535Z] [PID: 88672] [32m[NODE-CRON][32m [33m[WARN][0m missed execution at Tue May 05 2026 03:05:00 GMT+0530 (India Standard Time)! Possible blocking IO or high CPU user at the same process used by node-cron.
[2026-05-04T22:19:26.536Z] [PID: 88672] [32m[NODE-CRON][32m [33m[WARN][0m missed execution at Tue May 05 2026 03:10:00 GMT+0530 (India Standard Time)! Possible blocking IO or high CPU user at the same process used by node-cron.
[2026-05-04T22:19:26.537Z] [PID: 88672] [32m[NODE-CRON][32m [33m[WARN][0m missed execution at Tue May 05 2026 03:15:00 GMT+0530 (India Standard Time)! Possible blocking IO or high CPU user at the same process used by node-cron.
[2026-05-04T22:19:26.538Z] [PID: 88672] [32m[NODE-CRON][32m [33m[WARN][0m missed execution at Tue May 05 2026 03:20:00 GMT+0530 (India Standard Time)! Possible blocking IO or high CPU user at the same process used by node-cron.
[2026-05-04T22:19:26.538Z] [PID: 88672] [32m[NODE-CRON][32m [33m[WARN][0m missed execution at Tue May 05 2026 03:25:00 GMT+0530 (India Standard Time)! Possible blocking IO or high CPU user at the same process used by node-cron.
[2026-05-04T22:19:26.539Z] [PID: 88672] [32m[NODE-CRON][32m [33m[WARN][0m missed execution at Tue May 05 2026 03:30:00 GMT+0530 (India Standard Time)! Possible blocking IO or high CPU user at the same process used by node-cron.
[2026-05-04T22:19:26.540Z] [PID: 88672] [32m[NODE-CRON][32m [33m[WARN][0m missed execution at Tue May 05 2026 03:35:00 GMT+0530 (India Standard Time)! Possible blocking IO or high CPU user at the same process used by node-cron.
[2026-05-04T22:19:26.541Z] [PID: 88672] [32m[NODE-CRON][32m [33m[WARN][0m missed execution at Tue May 05 2026 03:40:00 GMT+0530 (India Standard Time)! Possible blocking IO or high CPU user at the same process used by node-cron.
[2026-05-04T22:19:26.541Z] [PID: 88672] [32m[NODE-CRON][32m [33m[WARN][0m missed execution at Tue May 05 2026 03:45:00 GMT+0530 (India Standard Time)! Possible blocking IO or high CPU user at the same process used by node-cron.
[2026-05-04T22:19:26.544Z] [PID: 88672] [32m[NODE-CRON][32m [33m[WARN][0m missed execution at Tue May 05 2026 02:15:00 GMT+0530 (India Standard Time)! Possible blocking IO or high CPU user at the same process used by node-cron.
[2026-05-04T22:19:26.544Z] [PID: 88672] [32m[NODE-CRON][32m [33m[WARN][0m missed execution at Tue May 05 2026 02:30:00 GMT+0530 (India Standard Time)! Possible blocking IO or high CPU user at the same process used by node-cron.
[2026-05-04T22:19:26.545Z] [PID: 88672] [32m[NODE-CRON][32m [33m[WARN][0m missed execution at Tue May 05 2026 02:45:00 GMT+0530 (India Standard Time)! Possible blocking IO or high CPU user at the same process used by node-cron.
[2026-05-04T22:19:26.546Z] [PID: 88672] [32m[NODE-CRON][32m [33m[WARN][0m missed execution at Tue May 05 2026 03:00:00 GMT+0530 (India Standard Time)! Possible blocking IO or high CPU user at the same process used by node-cron.
[2026-05-04T22:19:26.547Z] [PID: 88672] [32m[NODE-CRON][32m [33m[WARN][0m missed execution at Tue May 05 2026 03:15:00 GMT+0530 (India Standard Time)! Possible blocking IO or high CPU user at the same process used by node-cron.
[2026-05-04T22:19:26.550Z] [PID: 88672] [32m[NODE-CRON][32m [33m[WARN][0m missed execution at Tue May 05 2026 03:30:00 GMT+0530 (India Standard Time)! Possible blocking IO or high CPU user at the same process used by node-cron.
[2026-05-04T22:19:26.551Z] [PID: 88672] [32m[NODE-CRON][32m [33m[WARN][0m missed execution at Tue May 05 2026 03:45:00 GMT+0530 (India Standard Time)! Possible blocking IO or high CPU user at the same process used by node-cron.
[2026-05-04T22:19:26.553Z] [PID: 88672] [32m[NODE-CRON][32m [33m[WARN][0m missed execution at Tue May 05 2026 02:15:00 GMT+0530 (India Standard Time)! Possible blocking IO or high CPU user at the same process used by node-cron.
[2026-05-04T22:19:26.554Z] [PID: 88672] [32m[NODE-CRON][32m [33m[WARN][0m missed execution at Tue May 05 2026 02:30:00 GMT+0530 (India Standard Time)! Possible blocking IO or high CPU user at the same process used by node-cron.
[2026-05-04T22:19:26.555Z] [PID: 88672] [32m[NODE-CRON][32m [33m[WARN][0m missed execution at Tue May 05 2026 02:45:00 GMT+0530 (India Standard Time)! Possible blocking IO or high CPU user at the same process used by node-cron.
[2026-05-04T22:19:26.555Z] [PID: 88672] [32m[NODE-CRON][32m [33m[WARN][0m missed execution at Tue May 05 2026 03:00:00 GMT+0530 (India Standard Time)! Possible blocking IO or high CPU user at the same process used by node-cron.
[2026-05-04T22:19:26.556Z] [PID: 88672] [32m[NODE-CRON][32m [33m[WARN][0m missed execution at Tue May 05 2026 03:15:00 GMT+0530 (India Standard Time)! Possible blocking IO or high CPU user at the same process used by node-cron.
[2026-05-04T22:19:26.557Z] [PID: 88672] [32m[NODE-CRON][32m [33m[WARN][0m missed execution at Tue May 05 2026 03:30:00 GMT+0530 (India Standard Time)! Possible blocking IO or high CPU user at the same process used by node-cron.
[2026-05-04T22:19:26.557Z] [PID: 88672] [32m[NODE-CRON][32m [33m[WARN][0m missed execution at Tue May 05 2026 03:45:00 GMT+0530 (India Standard Time)! Possible blocking IO or high CPU user at the same process used by node-cron.
[2026-05-04T23:24:15.168Z] [PID: 88672] [32m[NODE-CRON][32m [33m[WARN][0m missed execution at Tue May 05 2026 03:50:00 GMT+0530 (India Standard Time)! Possible blocking IO or high CPU user at the same process used by node-cron.
[2026-05-04T23:24:15.171Z] [PID: 88672] [32m[NODE-CRON][32m [33m[WARN][0m missed execution at Tue May 05 2026 03:55:00 GMT+0530 (India Standard Time)! Possible blocking IO or high CPU user at the same process used by node-cron.
[2026-05-04T23:24:15.174Z] [PID: 88672] [32m[NODE-CRON][32m [33m[WARN][0m missed execution at Tue May 05 2026 04:00:00 GMT+0530 (India Standard Time)! Possible blocking IO or high CPU user at the same process used by node-cron.
[2026-05-04T23:24:15.177Z] [PID: 88672] [32m[NODE-CRON][32m [33m[WARN][0m missed execution at Tue May 05 2026 04:05:00 GMT+0530 (India Standard Time)! Possible blocking IO or high CPU user at the same process used by node-cron.
[2026-05-04T23:24:15.179Z] [PID: 88672] [32m[NODE-CRON][32m [33m[WARN][0m missed execution at Tue May 05 2026 04:10:00 GMT+0530 (India Standard Time)! Possible blocking IO or high CPU user at the same process used by node-cron.
[2026-05-04T23:24:15.180Z] [PID: 88672] [32m[NODE-CRON][32m [33m[WARN][0m missed execution at Tue May 05 2026 04:15:00 GMT+0530 (India Standard Time)! Possible blocking IO or high CPU user at the same process used by node-cron.
[2026-05-04T23:24:15.182Z] [PID: 88672] [32m[NODE-CRON][32m [33m[WARN][0m missed execution at Tue May 05 2026 04:20:00 GMT+0530 (India Standard Time)! Possible blocking IO or high CPU user at the same process used by node-cron.
[2026-05-04T23:24:15.183Z] [PID: 88672] [32m[NODE-CRON][32m [33m[WARN][0m missed execution at Tue May 05 2026 04:25:00 GMT+0530 (India Standard Time)! Possible blocking IO or high CPU user at the same process used by node-cron.
[2026-05-04T23:24:15.185Z] [PID: 88672] [32m[NODE-CRON][32m [33m[WARN][0m missed execution at Tue May 05 2026 04:30:00 GMT+0530 (India Standard Time)! Possible blocking IO or high CPU user at the same process used by node-cron.
[2026-05-04T23:24:15.186Z] [PID: 88672] [32m[NODE-CRON][32m [33m[WARN][0m missed execution at Tue May 05 2026 04:35:00 GMT+0530 (India Standard Time)! Possible blocking IO or high CPU user at the same process used by node-cron.
[2026-05-04T23:24:15.188Z] [PID: 88672] [32m[NODE-CRON][32m [33m[WARN][0m missed execution at Tue May 05 2026 04:40:00 GMT+0530 (India Standard Time)! Possible blocking IO or high CPU user at the same process used by node-cron.
[2026-05-04T23:24:15.189Z] [PID: 88672] [32m[NODE-CRON][32m [33m[WARN][0m missed execution at Tue May 05 2026 04:45:00 GMT+0530 (India Standard Time)! Possible blocking IO or high CPU user at the same process used by node-cron.
[2026-05-04T23:24:15.191Z] [PID: 88672] [32m[NODE-CRON][32m [33m[WARN][0m missed execution at Tue May 05 2026 04:50:00 GMT+0530 (India Standard Time)! Possible blocking IO or high CPU user at the same process used by node-cron.
[2026-05-04T23:24:15.194Z] [PID: 88672] [32m[NODE-CRON][32m [33m[WARN][0m missed execution at Tue May 05 2026 03:50:00 GMT+0530 (India Standard Time)! Possible blocking IO or high CPU user at the same process used by node-cron.
[2026-05-04T23:24:15.195Z] [PID: 88672] [32m[NODE-CRON][32m [33m[WARN][0m missed execution at Tue May 05 2026 03:55:00 GMT+0530 (India Standard Time)! Possible blocking IO or high CPU user at the same process used by node-cron.
[2026-05-04T23:24:15.196Z] [PID: 88672] [32m[NODE-CRON][32m [33m[WARN][0m missed execution at Tue May 05 2026 04:00:00 GMT+0530 (India Standard Time)! Possible blocking IO or high CPU user at the same process used by node-cron.
[2026-05-04T23:24:15.197Z] [PID: 88672] [32m[NODE-CRON][32m [33m[WARN][0m missed execution at Tue May 05 2026 04:05:00 GMT+0530 (India Standard Time)! Possible blocking IO or high CPU user at the same process used by node-cron.
[2026-05-04T23:24:15.198Z] [PID: 88672] [32m[NODE-CRON][32m [33m[WARN][0m missed execution at Tue May 05 2026 04:10:00 GMT+0530 (India Standard Time)! Possible blocking IO or high CPU user at the same process used by node-cron.
[2026-05-04T23:24:15.199Z] [PID: 88672] [32m[NODE-CRON][32m [33m[WARN][0m missed execution at Tue May 05 2026 04:15:00 GMT+0530 (India Standard Time)! Possible blocking IO or high CPU user at the same process used by node-cron.
[2026-05-04T23:24:15.200Z] [PID: 88672] [32m[NODE-CRON][32m [33m[WARN][0m missed execution at Tue May 05 2026 04:20:00 GMT+0530 (India Standard Time)! Possible blocking IO or high CPU user at the same process used by node-cron.
[2026-05-04T23:24:15.201Z] [PID: 88672] [32m[NODE-CRON][32m [33m[WARN][0m missed execution at Tue May 05 2026 04:25:00 GMT+0530 (India Standard Time)! Possible blocking IO or high CPU user at the same process used by node-cron.
[2026-05-04T23:24:15.203Z] [PID: 88672] [32m[NODE-CRON][32m [33m[WARN][0m missed execution at Tue May 05 2026 04:30:00 GMT+0530 (India Standard Time)! Possible blocking IO or high CPU user at the same process used by node-cron.
[2026-05-04T23:24:15.204Z] [PID: 88672] [32m[NODE-CRON][32m [33m[WARN][0m missed execution at Tue May 05 2026 04:35:00 GMT+0530 (India Standard Time)! Possible blocking IO or high CPU user at the same process used by node-cron.
[2026-05-04T23:24:15.205Z] [PID: 88672] [32m[NODE-CRON][32m [33m[WARN][0m missed execution at Tue May 05 2026 04:40:00 GMT+0530 (India Standard Time)! Possible blocking IO or high CPU user at the same process used by node-cron.
[2026-05-04T23:24:15.206Z] [PID: 88672] [32m[NODE-CRON][32m [33m[WARN][0m missed execution at Tue May 05 2026 04:45:00 GMT+0530 (India Standard Time)! Possible blocking IO or high CPU user at the same process used by node-cron.
[2026-05-04T23:24:15.207Z] [PID: 88672] [32m[NODE-CRON][32m [33m[WARN][0m missed execution at Tue May 05 2026 04:50:00 GMT+0530 (India Standard Time)! Possible blocking IO or high CPU user at the same process used by node-cron.
[2026-05-04T23:24:15.210Z] [PID: 88672] [32m[NODE-CRON][32m [33m[WARN][0m missed execution at Tue May 05 2026 04:00:00 GMT+0530 (India Standard Time)! Possible blocking IO or high CPU user at the same process used by node-cron.
[2026-05-04T23:24:15.210Z] [PID: 88672] [32m[NODE-CRON][32m [33m[WARN][0m missed execution at Tue May 05 2026 04:15:00 GMT+0530 (India Standard Time)! Possible blocking IO or high CPU user at the same process used by node-cron.
[2026-05-04T23:24:15.211Z] [PID: 88672] [32m[NODE-CRON][32m [33m[WARN][0m missed execution at Tue May 05 2026 04:30:00 GMT+0530 (India Standard Time)! Possible blocking IO or high CPU user at the same process used by node-cron.
[2026-05-04T23:24:15.212Z] [PID: 88672] [32m[NODE-CRON][32m [33m[WARN][0m missed execution at Tue May 05 2026 04:45:00 GMT+0530 (India Standard Time)! Possible blocking IO or high CPU user at the same process used by node-cron.
[2026-05-04T23:24:15.215Z] [PID: 88672] [32m[NODE-CRON][32m [33m[WARN][0m missed execution at Tue May 05 2026 04:00:00 GMT+0530 (India Standard Time)! Possible blocking IO or high CPU user at the same process used by node-cron.
[2026-05-04T23:24:15.219Z] [PID: 88672] [32m[NODE-CRON][32m [33m[WARN][0m missed execution at Tue May 05 2026 04:15:00 GMT+0530 (India Standard Time)! Possible blocking IO or high CPU user at the same process used by node-cron.
[2026-05-04T23:24:15.220Z] [PID: 88672] [32m[NODE-CRON][32m [33m[WARN][0m missed execution at Tue May 05 2026 04:30:00 GMT+0530 (India Standard Time)! Possible blocking IO or high CPU user at the same process used by node-cron.
[2026-05-04T23:24:15.221Z] [PID: 88672] [32m[NODE-CRON][32m [33m[WARN][0m missed execution at Tue May 05 2026 04:45:00 GMT+0530 (India Standard Time)! Possible blocking IO or high CPU user at the same process used by node-cron.
[2026-05-05T00:34:54.268Z] [PID: 88672] [32m[NODE-CRON][32m [33m[WARN][0m missed execution at Tue May 05 2026 04:55:00 GMT+0530 (India Standard Time)! Possible blocking IO or high CPU user at the same process used by node-cron.
[2026-05-05T00:34:54.271Z] [PID: 88672] [32m[NODE-CRON][32m [33m[WARN][0m missed execution at Tue May 05 2026 05:00:00 GMT+0530 (India Standard Time)! Possible blocking IO or high CPU user at the same process used by node-cron.
[2026-05-05T00:34:54.273Z] [PID: 88672] [32m[NODE-CRON][32m [33m[WARN][0m missed execution at Tue May 05 2026 05:05:00 GMT+0530 (India Standard Time)! Possible blocking IO or high CPU user at the same process used by node-cron.
[2026-05-05T00:34:54.276Z] [PID: 88672] [32m[NODE-CRON][32m [33m[WARN][0m missed execution at Tue May 05 2026 05:10:00 GMT+0530 (India Standard Time)! Possible blocking IO or high CPU user at the same process used by node-cron.
[2026-05-05T00:34:54.278Z] [PID: 88672] [32m[NODE-CRON][32m [33m[WARN][0m missed execution at Tue May 05 2026 05:15:00 GMT+0530 (India Standard Time)! Possible blocking IO or high CPU user at the same process used by node-cron.
[2026-05-05T00:34:54.281Z] [PID: 88672] [32m[NODE-CRON][32m [33m[WARN][0m missed execution at Tue May 05 2026 05:20:00 GMT+0530 (India Standard Time)! Possible blocking IO or high CPU user at the same process used by node-cron.
[2026-05-05T00:34:54.283Z] [PID: 88672] [32m[NODE-CRON][32m [33m[WARN][0m missed execution at Tue May 05 2026 05:25:00 GMT+0530 (India Standard Time)! Possible blocking IO or high CPU user at the same process used by node-cron.
[2026-05-05T00:34:54.286Z] [PID: 88672] [32m[NODE-CRON][32m [33m[WARN][0m missed execution at Tue May 05 2026 05:30:00 GMT+0530 (India Standard Time)! Possible blocking IO or high CPU user at the same process used by node-cron.
[2026-05-05T00:34:54.287Z] [PID: 88672] [32m[NODE-CRON][32m [33m[WARN][0m missed execution at Tue May 05 2026 05:35:00 GMT+0530 (India Standard Time)! Possible blocking IO or high CPU user at the same process used by node-cron.
[2026-05-05T00:34:54.289Z] [PID: 88672] [32m[NODE-CRON][32m [33m[WARN][0m missed execution at Tue May 05 2026 05:40:00 GMT+0530 (India Standard Time)! Possible blocking IO or high CPU user at the same process used by node-cron.
[2026-05-05T00:34:54.291Z] [PID: 88672] [32m[NODE-CRON][32m [33m[WARN][0m missed execution at Tue May 05 2026 05:45:00 GMT+0530 (India Standard Time)! Possible blocking IO or high CPU user at the same process used by node-cron.
[2026-05-05T00:34:54.292Z] [PID: 88672] [32m[NODE-CRON][32m [33m[WARN][0m missed execution at Tue May 05 2026 05:50:00 GMT+0530 (India Standard Time)! Possible blocking IO or high CPU user at the same process used by node-cron.
[2026-05-05T00:34:54.294Z] [PID: 88672] [32m[NODE-CRON][32m [33m[WARN][0m missed execution at Tue May 05 2026 05:55:00 GMT+0530 (India Standard Time)! Possible blocking IO or high CPU user at the same process used by node-cron.
[2026-05-05T00:34:54.296Z] [PID: 88672] [32m[NODE-CRON][32m [33m[WARN][0m missed execution at Tue May 05 2026 06:00:00 GMT+0530 (India Standard Time)! Possible blocking IO or high CPU user at the same process used by node-cron.
[2026-05-05T00:34:54.299Z] [PID: 88672] [32m[NODE-CRON][32m [33m[WARN][0m missed execution at Tue May 05 2026 04:55:00 GMT+0530 (India Standard Time)! Possible blocking IO or high CPU user at the same process used by node-cron.
[2026-05-05T00:34:54.301Z] [PID: 88672] [32m[NODE-CRON][32m [33m[WARN][0m missed execution at Tue May 05 2026 05:00:00 GMT+0530 (India Standard Time)! Possible blocking IO or high CPU user at the same process used by node-cron.
[2026-05-05T00:34:54.302Z] [PID: 88672] [32m[NODE-CRON][32m [33m[WARN][0m missed execution at Tue May 05 2026 05:05:00 GMT+0530 (India Standard Time)! Possible blocking IO or high CPU user at the same process used by node-cron.
[2026-05-05T00:34:54.303Z] [PID: 88672] [32m[NODE-CRON][32m [33m[WARN][0m missed execution at Tue May 05 2026 05:10:00 GMT+0530 (India Standard Time)! Possible blocking IO or high CPU user at the same process used by node-cron.
[2026-05-05T00:34:54.305Z] [PID: 88672] [32m[NODE-CRON][32m [33m[WARN][0m missed execution at Tue May 05 2026 05:15:00 GMT+0530 (India Standard Time)! Possible blocking IO or high CPU user at the same process used by node-cron.
[2026-05-05T00:34:54.306Z] [PID: 88672] [32m[NODE-CRON][32m [33m[WARN][0m missed execution at Tue May 05 2026 05:20:00 GMT+0530 (India Standard Time)! Possible blocking IO or high CPU user at the same process used by node-cron.
[2026-05-05T00:34:54.307Z] [PID: 88672] [32m[NODE-CRON][32m [33m[WARN][0m missed execution at Tue May 05 2026 05:25:00 GMT+0530 (India Standard Time)! Possible blocking IO or high CPU user at the same process used by node-cron.
[2026-05-05T00:34:54.309Z] [PID: 88672] [32m[NODE-CRON][32m [33m[WARN][0m missed execution at Tue May 05 2026 05:30:00 GMT+0530 (India Standard Time)! Possible blocking IO or high CPU user at the same process used by node-cron.
[2026-05-05T00:34:54.310Z] [PID: 88672] [32m[NODE-CRON][32m [33m[WARN][0m missed execution at Tue May 05 2026 05:35:00 GMT+0530 (India Standard Time)! Possible blocking IO or high CPU user at the same process used by node-cron.
[2026-05-05T00:34:54.311Z] [PID: 88672] [32m[NODE-CRON][32m [33m[WARN][0m missed execution at Tue May 05 2026 05:40:00 GMT+0530 (India Standard Time)! Possible blocking IO or high CPU user at the same process used by node-cron.
[2026-05-05T00:34:54.312Z] [PID: 88672] [32m[NODE-CRON][32m [33m[WARN][0m missed execution at Tue May 05 2026 05:45:00 GMT+0530 (India Standard Time)! Possible blocking IO or high CPU user at the same process used by node-cron.
[2026-05-05T00:34:54.313Z] [PID: 88672] [32m[NODE-CRON][32m [33m[WARN][0m missed execution at Tue May 05 2026 05:50:00 GMT+0530 (India Standard Time)! Possible blocking IO or high CPU user at the same process used by node-cron.
[2026-05-05T00:34:54.314Z] [PID: 88672] [32m[NODE-CRON][32m [33m[WARN][0m missed execution at Tue May 05 2026 05:55:00 GMT+0530 (India Standard Time)! Possible blocking IO or high CPU user at the same process used by node-cron.
[2026-05-05T00:34:54.315Z] [PID: 88672] [32m[NODE-CRON][32m [33m[WARN][0m missed execution at Tue May 05 2026 06:00:00 GMT+0530 (India Standard Time)! Possible blocking IO or high CPU user at the same process used by node-cron.
[2026-05-05T00:34:54.318Z] [PID: 88672] [32m[NODE-CRON][32m [33m[WARN][0m missed execution at Tue May 05 2026 05:00:00 GMT+0530 (India Standard Time)! Possible blocking IO or high CPU user at the same process used by node-cron.
[2026-05-05T00:34:54.319Z] [PID: 88672] [32m[NODE-CRON][32m [33m[WARN][0m missed execution at Tue May 05 2026 05:15:00 GMT+0530 (India Standard Time)! Possible blocking IO or high CPU user at the same process used by node-cron.
[2026-05-05T00:34:54.320Z] [PID: 88672] [32m[NODE-CRON][32m [33m[WARN][0m missed execution at Tue May 05 2026 05:30:00 GMT+0530 (India Standard Time)! Possible blocking IO or high CPU user at the same process used by node-cron.
[2026-05-05T00:34:54.321Z] [PID: 88672] [32m[NODE-CRON][32m [33m[WARN][0m missed execution at Tue May 05 2026 05:45:00 GMT+0530 (India Standard Time)! Possible blocking IO or high CPU user at the same process used by node-cron.
[2026-05-05T00:34:54.322Z] [PID: 88672] [32m[NODE-CRON][32m [33m[WARN][0m missed execution at Tue May 05 2026 06:00:00 GMT+0530 (India Standard Time)! Possible blocking IO or high CPU user at the same process used by node-cron.
[2026-05-05T00:34:54.324Z] [PID: 88672] [32m[NODE-CRON][32m [33m[WARN][0m missed execution at Tue May 05 2026 05:00:00 GMT+0530 (India Standard Time)! Possible blocking IO or high CPU user at the same process used by node-cron.
[2026-05-05T00:34:54.325Z] [PID: 88672] [32m[NODE-CRON][32m [33m[WARN][0m missed execution at Tue May 05 2026 05:15:00 GMT+0530 (India Standard Time)! Possible blocking IO or high CPU user at the same process used by node-cron.
[2026-05-05T00:34:54.326Z] [PID: 88672] [32m[NODE-CRON][32m [33m[WARN][0m missed execution at Tue May 05 2026 05:30:00 GMT+0530 (India Standard Time)! Possible blocking IO or high CPU user at the same process used by node-cron.
[2026-05-05T00:34:54.327Z] [PID: 88672] [32m[NODE-CRON][32m [33m[WARN][0m missed execution at Tue May 05 2026 05:45:00 GMT+0530 (India Standard Time)! Possible blocking IO or high CPU user at the same process used by node-cron.
[2026-05-05T00:34:54.328Z] [PID: 88672] [32m[NODE-CRON][32m [33m[WARN][0m missed execution at Tue May 05 2026 06:00:00 GMT+0530 (India Standard Time)! Possible blocking IO or high CPU user at the same process used by node-cron.
[2026-05-05T00:50:52.914Z] [PID: 88672] [32m[NODE-CRON][32m [33m[WARN][0m missed execution at Tue May 05 2026 06:05:00 GMT+0530 (India Standard Time)! Possible blocking IO or high CPU user at the same process used by node-cron.
[2026-05-05T00:50:52.918Z] [PID: 88672] [32m[NODE-CRON][32m [33m[WARN][0m missed execution at Tue May 05 2026 06:10:00 GMT+0530 (India Standard Time)! Possible blocking IO or high CPU user at the same process used by node-cron.
[2026-05-05T00:50:52.920Z] [PID: 88672] [32m[NODE-CRON][32m [33m[WARN][0m missed execution at Tue May 05 2026 06:15:00 GMT+0530 (India Standard Time)! Possible blocking IO or high CPU user at the same process used by node-cron.
[2026-05-05T00:50:52.923Z] [PID: 88672] [32m[NODE-CRON][32m [33m[WARN][0m missed execution at Tue May 05 2026 06:20:00 GMT+0530 (India Standard Time)! Possible blocking IO or high CPU user at the same process used by node-cron.
[2026-05-05T00:50:52.928Z] [PID: 88672] [32m[NODE-CRON][32m [33m[WARN][0m missed execution at Tue May 05 2026 06:05:00 GMT+0530 (India Standard Time)! Possible blocking IO or high CPU user at the same process used by node-cron.
[2026-05-05T00:50:52.930Z] [PID: 88672] [32m[NODE-CRON][32m [33m[WARN][0m missed execution at Tue May 05 2026 06:10:00 GMT+0530 (India Standard Time)! Possible blocking IO or high CPU user at the same process used by node-cron.
[2026-05-05T00:50:52.931Z] [PID: 88672] [32m[NODE-CRON][32m [33m[WARN][0m missed execution at Tue May 05 2026 06:15:00 GMT+0530 (India Standard Time)! Possible blocking IO or high CPU user at the same process used by node-cron.
[2026-05-05T00:50:52.932Z] [PID: 88672] [32m[NODE-CRON][32m [33m[WARN][0m missed execution at Tue May 05 2026 06:20:00 GMT+0530 (India Standard Time)! Possible blocking IO or high CPU user at the same process used by node-cron.
[2026-05-05T00:50:52.936Z] [PID: 88672] [32m[NODE-CRON][32m [33m[WARN][0m missed execution at Tue May 05 2026 06:15:00 GMT+0530 (India Standard Time)! Possible blocking IO or high CPU user at the same process used by node-cron.
[2026-05-05T00:50:52.939Z] [PID: 88672] [32m[NODE-CRON][32m [33m[WARN][0m missed execution at Tue May 05 2026 06:15:00 GMT+0530 (India Standard Time)! Possible blocking IO or high CPU user at the same process used by node-cron.
[2026-05-05T02:25:22.694Z] [PID: 88672] [32m[NODE-CRON][32m [33m[WARN][0m missed execution at Tue May 05 2026 06:25:00 GMT+0530 (India Standard Time)! Possible blocking IO or high CPU user at the same process used by node-cron.
[2026-05-05T02:25:22.698Z] [PID: 88672] [32m[NODE-CRON][32m [33m[WARN][0m missed execution at Tue May 05 2026 06:30:00 GMT+0530 (India Standard Time)! Possible blocking IO or high CPU user at the same process used by node-cron.
[2026-05-05T02:25:22.700Z] [PID: 88672] [32m[NODE-CRON][32m [33m[WARN][0m missed execution at Tue May 05 2026 06:35:00 GMT+0530 (India Standard Time)! Possible blocking IO or high CPU user at the same process used by node-cron.
[2026-05-05T02:25:22.703Z] [PID: 88672] [32m[NODE-CRON][32m [33m[WARN][0m missed execution at Tue May 05 2026 06:40:00 GMT+0530 (India Standard Time)! Possible blocking IO or high CPU user at the same process used by node-cron.
[2026-05-05T02:25:22.705Z] [PID: 88672] [32m[NODE-CRON][32m [33m[WARN][0m missed execution at Tue May 05 2026 06:45:00 GMT+0530 (India Standard Time)! Possible blocking IO or high CPU user at the same process used by node-cron.
[2026-05-05T02:25:22.708Z] [PID: 88672] [32m[NODE-CRON][32m [33m[WARN][0m missed execution at Tue May 05 2026 06:50:00 GMT+0530 (India Standard Time)! Possible blocking IO or high CPU user at the same process used by node-cron.
[2026-05-05T02:25:22.710Z] [PID: 88672] [32m[NODE-CRON][32m [33m[WARN][0m missed execution at Tue May 05 2026 06:55:00 GMT+0530 (India Standard Time)! Possible blocking IO or high CPU user at the same process used by node-cron.
[2026-05-05T02:25:22.712Z] [PID: 88672] [32m[NODE-CRON][32m [33m[WARN][0m missed execution at Tue May 05 2026 07:00:00 GMT+0530 (India Standard Time)! Possible blocking IO or high CPU user at the same process used by node-cron.
[2026-05-05T02:25:22.714Z] [PID: 88672] [32m[NODE-CRON][32m [33m[WARN][0m missed execution at Tue May 05 2026 07:05:00 GMT+0530 (India Standard Time)! Possible blocking IO or high CPU user at the same process used by node-cron.
[2026-05-05T02:25:22.715Z] [PID: 88672] [32m[NODE-CRON][32m [33m[WARN][0m missed execution at Tue May 05 2026 07:10:00 GMT+0530 (India Standard Time)! Possible blocking IO or high CPU user at the same process used by node-cron.
[2026-05-05T02:25:22.717Z] [PID: 88672] [32m[NODE-CRON][32m [33m[WARN][0m missed execution at Tue May 05 2026 07:15:00 GMT+0530 (India Standard Time)! Possible blocking IO or high CPU user at the same process used by node-cron.
[2026-05-05T02:25:22.718Z] [PID: 88672] [32m[NODE-CRON][32m [33m[WARN][0m missed execution at Tue May 05 2026 07:20:00 GMT+0530 (India Standard Time)! Possible blocking IO or high CPU user at the same process used by node-cron.
[2026-05-05T02:25:22.719Z] [PID: 88672] [32m[NODE-CRON][32m [33m[WARN][0m missed execution at Tue May 05 2026 07:25:00 GMT+0530 (India Standard Time)! Possible blocking IO or high CPU user at the same process used by node-cron.
[2026-05-05T02:25:22.721Z] [PID: 88672] [32m[NODE-CRON][32m [33m[WARN][0m missed execution at Tue May 05 2026 07:30:00 GMT+0530 (India Standard Time)! Possible blocking IO or high CPU user at the same process used by node-cron.
[2026-05-05T02:25:22.722Z] [PID: 88672] [32m[NODE-CRON][32m [33m[WARN][0m missed execution at Tue May 05 2026 07:35:00 GMT+0530 (India Standard Time)! Possible blocking IO or high CPU user at the same process used by node-cron.
[2026-05-05T02:25:22.723Z] [PID: 88672] [32m[NODE-CRON][32m [33m[WARN][0m missed execution at Tue May 05 2026 07:40:00 GMT+0530 (India Standard Time)! Possible blocking IO or high CPU user at the same process used by node-cron.
[2026-05-05T02:25:22.724Z] [PID: 88672] [32m[NODE-CRON][32m [33m[WARN][0m missed execution at Tue May 05 2026 07:45:00 GMT+0530 (India Standard Time)! Possible blocking IO or high CPU user at the same process used by node-cron.
[2026-05-05T02:25:22.725Z] [PID: 88672] [32m[NODE-CRON][32m [33m[WARN][0m missed execution at Tue May 05 2026 07:50:00 GMT+0530 (India Standard Time)! Possible blocking IO or high CPU user at the same process used by node-cron.
[2026-05-05T02:25:22.726Z] [PID: 88672] [32m[NODE-CRON][32m [33m[WARN][0m missed execution at Tue May 05 2026 07:55:00 GMT+0530 (India Standard Time)! Possible blocking IO or high CPU user at the same process used by node-cron.
[2026-05-05T02:25:22.730Z] [PID: 88672] [32m[NODE-CRON][32m [33m[WARN][0m missed execution at Tue May 05 2026 06:25:00 GMT+0530 (India Standard Time)! Possible blocking IO or high CPU user at the same process used by node-cron.
[2026-05-05T02:25:22.731Z] [PID: 88672] [32m[NODE-CRON][32m [33m[WARN][0m missed execution at Tue May 05 2026 06:30:00 GMT+0530 (India Standard Time)! Possible blocking IO or high CPU user at the same process used by node-cron.
[2026-05-05T02:25:22.732Z] [PID: 88672] [32m[NODE-CRON][32m [33m[WARN][0m missed execution at Tue May 05 2026 06:35:00 GMT+0530 (India Standard Time)! Possible blocking IO or high CPU user at the same process used by node-cron.
[2026-05-05T02:25:22.733Z] [PID: 88672] [32m[NODE-CRON][32m [33m[WARN][0m missed execution at Tue May 05 2026 06:40:00 GMT+0530 (India Standard Time)! Possible blocking IO or high CPU user at the same process used by node-cron.
[2026-05-05T02:25:22.734Z] [PID: 88672] [32m[NODE-CRON][32m [33m[WARN][0m missed execution at Tue May 05 2026 06:45:00 GMT+0530 (India Standard Time)! Possible blocking IO or high CPU user at the same process used by node-cron.
[2026-05-05T02:25:22.736Z] [PID: 88672] [32m[NODE-CRON][32m [33m[WARN][0m missed execution at Tue May 05 2026 06:50:00 GMT+0530 (India Standard Time)! Possible blocking IO or high CPU user at the same process used by node-cron.
[2026-05-05T02:25:22.737Z] [PID: 88672] [32m[NODE-CRON][32m [33m[WARN][0m missed execution at Tue May 05 2026 06:55:00 GMT+0530 (India Standard Time)! Possible blocking IO or high CPU user at the same process used by node-cron.
[2026-05-05T02:25:22.738Z] [PID: 88672] [32m[NODE-CRON][32m [33m[WARN][0m missed execution at Tue May 05 2026 07:00:00 GMT+0530 (India Standard Time)! Possible blocking IO or high CPU user at the same process used by node-cron.
[2026-05-05T02:25:22.739Z] [PID: 88672] [32m[NODE-CRON][32m [33m[WARN][0m missed execution at Tue May 05 2026 07:05:00 GMT+0530 (India Standard Time)! Possible blocking IO or high CPU user at the same process used by node-cron.
[2026-05-05T02:25:22.740Z] [PID: 88672] [32m[NODE-CRON][32m [33m[WARN][0m missed execution at Tue May 05 2026 07:10:00 GMT+0530 (India Standard Time)! Possible blocking IO or high CPU user at the same process used by node-cron.
[2026-05-05T02:25:22.741Z] [PID: 88672] [32m[NODE-CRON][32m [33m[WARN][0m missed execution at Tue May 05 2026 07:15:00 GMT+0530 (India Standard Time)! Possible blocking IO or high CPU user at the same process used by node-cron.
[2026-05-05T02:25:22.745Z] [PID: 88672] [32m[NODE-CRON][32m [33m[WARN][0m missed execution at Tue May 05 2026 07:20:00 GMT+0530 (India Standard Time)! Possible blocking IO or high CPU user at the same process used by node-cron.
[2026-05-05T02:25:22.746Z] [PID: 88672] [32m[NODE-CRON][32m [33m[WARN][0m missed execution at Tue May 05 2026 07:25:00 GMT+0530 (India Standard Time)! Possible blocking IO or high CPU user at the same process used by node-cron.
[2026-05-05T02:25:22.747Z] [PID: 88672] [32m[NODE-CRON][32m [33m[WARN][0m missed execution at Tue May 05 2026 07:30:00 GMT+0530 (India Standard Time)! Possible blocking IO or high CPU user at the same process used by node-cron.
[2026-05-05T02:25:22.748Z] [PID: 88672] [32m[NODE-CRON][32m [33m[WARN][0m missed execution at Tue May 05 2026 07:35:00 GMT+0530 (India Standard Time)! Possible blocking IO or high CPU user at the same process used by node-cron.
[2026-05-05T02:25:22.749Z] [PID: 88672] [32m[NODE-CRON][32m [33m[WARN][0m missed execution at Tue May 05 2026 07:40:00 GMT+0530 (India Standard Time)! Possible blocking IO or high CPU user at the same process used by node-cron.
[2026-05-05T02:25:22.749Z] [PID: 88672] [32m[NODE-CRON][32m [33m[WARN][0m missed execution at Tue May 05 2026 07:45:00 GMT+0530 (India Standard Time)! Possible blocking IO or high CPU user at the same process used by node-cron.
[2026-05-05T02:25:22.750Z] [PID: 88672] [32m[NODE-CRON][32m [33m[WARN][0m missed execution at Tue May 05 2026 07:50:00 GMT+0530 (India Standard Time)! Possible blocking IO or high CPU user at the same process used by node-cron.
[2026-05-05T02:25:22.751Z] [PID: 88672] [32m[NODE-CRON][32m [33m[WARN][0m missed execution at Tue May 05 2026 07:55:00 GMT+0530 (India Standard Time)! Possible blocking IO or high CPU user at the same process used by node-cron.
[2026-05-05T02:25:22.754Z] [PID: 88672] [32m[NODE-CRON][32m [33m[WARN][0m missed execution at Tue May 05 2026 06:30:00 GMT+0530 (India Standard Time)! Possible blocking IO or high CPU user at the same process used by node-cron.
[2026-05-05T02:25:22.754Z] [PID: 88672] [32m[NODE-CRON][32m [33m[WARN][0m missed execution at Tue May 05 2026 06:45:00 GMT+0530 (India Standard Time)! Possible blocking IO or high CPU user at the same process used by node-cron.
[2026-05-05T02:25:22.755Z] [PID: 88672] [32m[NODE-CRON][32m [33m[WARN][0m missed execution at Tue May 05 2026 07:00:00 GMT+0530 (India Standard Time)! Possible blocking IO or high CPU user at the same process used by node-cron.
[2026-05-05T02:25:22.756Z] [PID: 88672] [32m[NODE-CRON][32m [33m[WARN][0m missed execution at Tue May 05 2026 07:15:00 GMT+0530 (India Standard Time)! Possible blocking IO or high CPU user at the same process used by node-cron.
[2026-05-05T02:25:22.757Z] [PID: 88672] [32m[NODE-CRON][32m [33m[WARN][0m missed execution at Tue May 05 2026 07:30:00 GMT+0530 (India Standard Time)! Possible blocking IO or high CPU user at the same process used by node-cron.
[2026-05-05T02:25:22.757Z] [PID: 88672] [32m[NODE-CRON][32m [33m[WARN][0m missed execution at Tue May 05 2026 07:45:00 GMT+0530 (India Standard Time)! Possible blocking IO or high CPU user at the same process used by node-cron.
[2026-05-05T02:25:22.760Z] [PID: 88672] [32m[NODE-CRON][32m [33m[WARN][0m missed execution at Tue May 05 2026 06:30:00 GMT+0530 (India Standard Time)! Possible blocking IO or high CPU user at the same process used by node-cron.
[2026-05-05T02:25:22.760Z] [PID: 88672] [32m[NODE-CRON][32m [33m[WARN][0m missed execution at Tue May 05 2026 06:45:00 GMT+0530 (India Standard Time)! Possible blocking IO or high CPU user at the same process used by node-cron.
[2026-05-05T02:25:22.761Z] [PID: 88672] [32m[NODE-CRON][32m [33m[WARN][0m missed execution at Tue May 05 2026 07:00:00 GMT+0530 (India Standard Time)! Possible blocking IO or high CPU user at the same process used by node-cron.
[2026-05-05T02:25:22.762Z] [PID: 88672] [32m[NODE-CRON][32m [33m[WARN][0m missed execution at Tue May 05 2026 07:15:00 GMT+0530 (India Standard Time)! Possible blocking IO or high CPU user at the same process used by node-cron.
[2026-05-05T02:25:22.762Z] [PID: 88672] [32m[NODE-CRON][32m [33m[WARN][0m missed execution at Tue May 05 2026 07:30:00 GMT+0530 (India Standard Time)! Possible blocking IO or high CPU user at the same process used by node-cron.
[2026-05-05T02:25:22.763Z] [PID: 88672] [32m[NODE-CRON][32m [33m[WARN][0m missed execution at Tue May 05 2026 07:45:00 GMT+0530 (India Standard Time)! Possible blocking IO or high CPU user at the same process used by node-cron.
[2026-05-05T03:37:51.670Z] [PID: 88672] [32m[NODE-CRON][32m [33m[WARN][0m missed execution at Tue May 05 2026 08:00:00 GMT+0530 (India Standard Time)! Possible blocking IO or high CPU user at the same process used by node-cron.
[2026-05-05T03:37:51.673Z] [PID: 88672] [32m[NODE-CRON][32m [33m[WARN][0m missed execution at Tue May 05 2026 08:05:00 GMT+0530 (India Standard Time)! Possible blocking IO or high CPU user at the same process used by node-cron.
[2026-05-05T03:37:51.676Z] [PID: 88672] [32m[NODE-CRON][32m [33m[WARN][0m missed execution at Tue May 05 2026 08:10:00 GMT+0530 (India Standard Time)! Possible blocking IO or high CPU user at the same process used by node-cron.
[2026-05-05T03:37:51.678Z] [PID: 88672] [32m[NODE-CRON][32m [33m[WARN][0m missed execution at Tue May 05 2026 08:15:00 GMT+0530 (India Standard Time)! Possible blocking IO or high CPU user at the same process used by node-cron.
[2026-05-05T03:37:51.681Z] [PID: 88672] [32m[NODE-CRON][32m [33m[WARN][0m missed execution at Tue May 05 2026 08:20:00 GMT+0530 (India Standard Time)! Possible blocking IO or high CPU user at the same process used by node-cron.
[2026-05-05T03:37:51.684Z] [PID: 88672] [32m[NODE-CRON][32m [33m[WARN][0m missed execution at Tue May 05 2026 08:25:00 GMT+0530 (India Standard Time)! Possible blocking IO or high CPU user at the same process used by node-cron.
[2026-05-05T03:37:51.686Z] [PID: 88672] [32m[NODE-CRON][32m [33m[WARN][0m missed execution at Tue May 05 2026 08:30:00 GMT+0530 (India Standard Time)! Possible blocking IO or high CPU user at the same process used by node-cron.
[2026-05-05T03:37:51.688Z] [PID: 88672] [32m[NODE-CRON][32m [33m[WARN][0m missed execution at Tue May 05 2026 08:35:00 GMT+0530 (India Standard Time)! Possible blocking IO or high CPU user at the same process used by node-cron.
[2026-05-05T03:37:51.690Z] [PID: 88672] [32m[NODE-CRON][32m [33m[WARN][0m missed execution at Tue May 05 2026 08:40:00 GMT+0530 (India Standard Time)! Possible blocking IO or high CPU user at the same process used by node-cron.
[2026-05-05T03:37:51.691Z] [PID: 88672] [32m[NODE-CRON][32m [33m[WARN][0m missed execution at Tue May 05 2026 08:45:00 GMT+0530 (India Standard Time)! Possible blocking IO or high CPU user at the same process used by node-cron.
[2026-05-05T03:37:51.693Z] [PID: 88672] [32m[NODE-CRON][32m [33m[WARN][0m missed execution at Tue May 05 2026 08:50:00 GMT+0530 (India Standard Time)! Possible blocking IO or high CPU user at the same process used by node-cron.
[2026-05-05T03:37:51.694Z] [PID: 88672] [32m[NODE-CRON][32m [33m[WARN][0m missed execution at Tue May 05 2026 08:55:00 GMT+0530 (India Standard Time)! Possible blocking IO or high CPU user at the same process used by node-cron.
[2026-05-05T03:37:51.696Z] [PID: 88672] [32m[NODE-CRON][32m [33m[WARN][0m missed execution at Tue May 05 2026 09:00:00 GMT+0530 (India Standard Time)! Possible blocking IO or high CPU user at the same process used by node-cron.
[2026-05-05T03:37:51.698Z] [PID: 88672] [32m[NODE-CRON][32m [33m[WARN][0m missed execution at Tue May 05 2026 09:05:00 GMT+0530 (India Standard Time)! Possible blocking IO or high CPU user at the same process used by node-cron.
[2026-05-05T03:37:51.701Z] [PID: 88672] [32m[NODE-CRON][32m [33m[WARN][0m missed execution at Tue May 05 2026 08:00:00 GMT+0530 (India Standard Time)! Possible blocking IO or high CPU user at the same process used by node-cron.
[2026-05-05T03:37:51.703Z] [PID: 88672] [32m[NODE-CRON][32m [33m[WARN][0m missed execution at Tue May 05 2026 08:05:00 GMT+0530 (India Standard Time)! Possible blocking IO or high CPU user at the same process used by node-cron.
[2026-05-05T03:37:51.704Z] [PID: 88672] [32m[NODE-CRON][32m [33m[WARN][0m missed execution at Tue May 05 2026 08:10:00 GMT+0530 (India Standard Time)! Possible blocking IO or high CPU user at the same process used by node-cron.
[2026-05-05T03:37:51.706Z] [PID: 88672] [32m[NODE-CRON][32m [33m[WARN][0m missed execution at Tue May 05 2026 08:15:00 GMT+0530 (India Standard Time)! Possible blocking IO or high CPU user at the same process used by node-cron.
[2026-05-05T03:37:51.707Z] [PID: 88672] [32m[NODE-CRON][32m [33m[WARN][0m missed execution at Tue May 05 2026 08:20:00 GMT+0530 (India Standard Time)! Possible blocking IO or high CPU user at the same process used by node-cron.
[2026-05-05T03:37:51.708Z] [PID: 88672] [32m[NODE-CRON][32m [33m[WARN][0m missed execution at Tue May 05 2026 08:25:00 GMT+0530 (India Standard Time)! Possible blocking IO or high CPU user at the same process used by node-cron.
[2026-05-05T03:37:51.709Z] [PID: 88672] [32m[NODE-CRON][32m [33m[WARN][0m missed execution at Tue May 05 2026 08:30:00 GMT+0530 (India Standard Time)! Possible blocking IO or high CPU user at the same process used by node-cron.
[2026-05-05T03:37:51.710Z] [PID: 88672] [32m[NODE-CRON][32m [33m[WARN][0m missed execution at Tue May 05 2026 08:35:00 GMT+0530 (India Standard Time)! Possible blocking IO or high CPU user at the same process used by node-cron.
[2026-05-05T03:37:51.711Z] [PID: 88672] [32m[NODE-CRON][32m [33m[WARN][0m missed execution at Tue May 05 2026 08:40:00 GMT+0530 (India Standard Time)! Possible blocking IO or high CPU user at the same process used by node-cron.
[2026-05-05T03:37:51.712Z] [PID: 88672] [32m[NODE-CRON][32m [33m[WARN][0m missed execution at Tue May 05 2026 08:45:00 GMT+0530 (India Standard Time)! Possible blocking IO or high CPU user at the same process used by node-cron.
[2026-05-05T03:37:51.713Z] [PID: 88672] [32m[NODE-CRON][32m [33m[WARN][0m missed execution at Tue May 05 2026 08:50:00 GMT+0530 (India Standard Time)! Possible blocking IO or high CPU user at the same process used by node-cron.
[2026-05-05T03:37:51.714Z] [PID: 88672] [32m[NODE-CRON][32m [33m[WARN][0m missed execution at Tue May 05 2026 08:55:00 GMT+0530 (India Standard Time)! Possible blocking IO or high CPU user at the same process used by node-cron.
[2026-05-05T03:37:51.716Z] [PID: 88672] [32m[NODE-CRON][32m [33m[WARN][0m missed execution at Tue May 05 2026 09:00:00 GMT+0530 (India Standard Time)! Possible blocking IO or high CPU user at the same process used by node-cron.
[2026-05-05T03:37:51.717Z] [PID: 88672] [32m[NODE-CRON][32m [33m[WARN][0m missed execution at Tue May 05 2026 09:05:00 GMT+0530 (India Standard Time)! Possible blocking IO or high CPU user at the same process used by node-cron.
[2026-05-05T03:37:51.719Z] [PID: 88672] [32m[NODE-CRON][32m [33m[WARN][0m missed execution at Tue May 05 2026 08:00:00 GMT+0530 (India Standard Time)! Possible blocking IO or high CPU user at the same process used by node-cron.
[2026-05-05T03:37:51.720Z] [PID: 88672] [32m[NODE-CRON][32m [33m[WARN][0m missed execution at Tue May 05 2026 08:15:00 GMT+0530 (India Standard Time)! Possible blocking IO or high CPU user at the same process used by node-cron.
[2026-05-05T03:37:51.721Z] [PID: 88672] [32m[NODE-CRON][32m [33m[WARN][0m missed execution at Tue May 05 2026 08:30:00 GMT+0530 (India Standard Time)! Possible blocking IO or high CPU user at the same process used by node-cron.
[2026-05-05T03:37:51.722Z] [PID: 88672] [32m[NODE-CRON][32m [33m[WARN][0m missed execution at Tue May 05 2026 08:45:00 GMT+0530 (India Standard Time)! Possible blocking IO or high CPU user at the same process used by node-cron.
[2026-05-05T03:37:51.722Z] [PID: 88672] [32m[NODE-CRON][32m [33m[WARN][0m missed execution at Tue May 05 2026 09:00:00 GMT+0530 (India Standard Time)! Possible blocking IO or high CPU user at the same process used by node-cron.
[2026-05-05T03:37:51.725Z] [PID: 88672] [32m[NODE-CRON][32m [33m[WARN][0m missed execution at Tue May 05 2026 08:00:00 GMT+0530 (India Standard Time)! Possible blocking IO or high CPU user at the same process used by node-cron.
[2026-05-05T03:37:51.725Z] [PID: 88672] [32m[NODE-CRON][32m [33m[WARN][0m missed execution at Tue May 05 2026 08:15:00 GMT+0530 (India Standard Time)! Possible blocking IO or high CPU user at the same process used by node-cron.
[2026-05-05T03:37:51.726Z] [PID: 88672] [32m[NODE-CRON][32m [33m[WARN][0m missed execution at Tue May 05 2026 08:30:00 GMT+0530 (India Standard Time)! Possible blocking IO or high CPU user at the same process used by node-cron.
[2026-05-05T03:37:51.727Z] [PID: 88672] [32m[NODE-CRON][32m [33m[WARN][0m missed execution at Tue May 05 2026 08:45:00 GMT+0530 (India Standard Time)! Possible blocking IO or high CPU user at the same process used by node-cron.
[2026-05-05T03:37:51.728Z] [PID: 88672] [32m[NODE-CRON][32m [33m[WARN][0m missed execution at Tue May 05 2026 09:00:00 GMT+0530 (India Standard Time)! Possible blocking IO or high CPU user at the same process used by node-cron.
[2026-05-05T04:56:25.896Z] [PID: 88672] [32m[NODE-CRON][32m [33m[WARN][0m missed execution at Tue May 05 2026 09:10:00 GMT+0530 (India Standard Time)! Possible blocking IO or high CPU user at the same process used by node-cron.
[2026-05-05T04:56:25.900Z] [PID: 88672] [32m[NODE-CRON][32m [33m[WARN][0m missed execution at Tue May 05 2026 09:15:00 GMT+0530 (India Standard Time)! Possible blocking IO or high CPU user at the same process used by node-cron.
[2026-05-05T04:56:25.902Z] [PID: 88672] [32m[NODE-CRON][32m [33m[WARN][0m missed execution at Tue May 05 2026 09:20:00 GMT+0530 (India Standard Time)! Possible blocking IO or high CPU user at the same process used by node-cron.
[2026-05-05T04:56:25.905Z] [PID: 88672] [32m[NODE-CRON][32m [33m[WARN][0m missed execution at Tue May 05 2026 09:25:00 GMT+0530 (India Standard Time)! Possible blocking IO or high CPU user at the same process used by node-cron.
[2026-05-05T04:56:25.907Z] [PID: 88672] [32m[NODE-CRON][32m [33m[WARN][0m missed execution at Tue May 05 2026 09:30:00 GMT+0530 (India Standard Time)! Possible blocking IO or high CPU user at the same process used by node-cron.
[2026-05-05T04:56:25.910Z] [PID: 88672] [32m[NODE-CRON][32m [33m[WARN][0m missed execution at Tue May 05 2026 09:35:00 GMT+0530 (India Standard Time)! Possible blocking IO or high CPU user at the same process used by node-cron.
[2026-05-05T04:56:25.912Z] [PID: 88672] [32m[NODE-CRON][32m [33m[WARN][0m missed execution at Tue May 05 2026 09:40:00 GMT+0530 (India Standard Time)! Possible blocking IO or high CPU user at the same process used by node-cron.
[2026-05-05T04:56:25.914Z] [PID: 88672] [32m[NODE-CRON][32m [33m[WARN][0m missed execution at Tue May 05 2026 09:45:00 GMT+0530 (India Standard Time)! Possible blocking IO or high CPU user at the same process used by node-cron.
[2026-05-05T04:56:25.916Z] [PID: 88672] [32m[NODE-CRON][32m [33m[WARN][0m missed execution at Tue May 05 2026 09:50:00 GMT+0530 (India Standard Time)! Possible blocking IO or high CPU user at the same process used by node-cron.
[2026-05-05T04:56:25.917Z] [PID: 88672] [32m[NODE-CRON][32m [33m[WARN][0m missed execution at Tue May 05 2026 09:55:00 GMT+0530 (India Standard Time)! Possible blocking IO or high CPU user at the same process used by node-cron.
[2026-05-05T04:56:25.919Z] [PID: 88672] [32m[NODE-CRON][32m [33m[WARN][0m missed execution at Tue May 05 2026 10:00:00 GMT+0530 (India Standard Time)! Possible blocking IO or high CPU user at the same process used by node-cron.
[2026-05-05T04:56:25.920Z] [PID: 88672] [32m[NODE-CRON][32m [33m[WARN][0m missed execution at Tue May 05 2026 10:05:00 GMT+0530 (India Standard Time)! Possible blocking IO or high CPU user at the same process used by node-cron.
[2026-05-05T04:56:25.922Z] [PID: 88672] [32m[NODE-CRON][32m [33m[WARN][0m missed execution at Tue May 05 2026 10:10:00 GMT+0530 (India Standard Time)! Possible blocking IO or high CPU user at the same process used by node-cron.
[2026-05-05T04:56:25.923Z] [PID: 88672] [32m[NODE-CRON][32m [33m[WARN][0m missed execution at Tue May 05 2026 10:15:00 GMT+0530 (India Standard Time)! Possible blocking IO or high CPU user at the same process used by node-cron.
[2026-05-05T04:56:25.924Z] [PID: 88672] [32m[NODE-CRON][32m [33m[WARN][0m missed execution at Tue May 05 2026 10:20:00 GMT+0530 (India Standard Time)! Possible blocking IO or high CPU user at the same process used by node-cron.
[2026-05-05T04:56:25.925Z] [PID: 88672] [32m[NODE-CRON][32m [33m[WARN][0m missed execution at Tue May 05 2026 10:25:00 GMT+0530 (India Standard Time)! Possible blocking IO or high CPU user at the same process used by node-cron.
[2026-05-05T04:56:25.929Z] [PID: 88672] [32m[NODE-CRON][32m [33m[WARN][0m missed execution at Tue May 05 2026 09:10:00 GMT+0530 (India Standard Time)! Possible blocking IO or high CPU user at the same process used by node-cron.
[2026-05-05T04:56:25.930Z] [PID: 88672] [32m[NODE-CRON][32m [33m[WARN][0m missed execution at Tue May 05 2026 09:15:00 GMT+0530 (India Standard Time)! Possible blocking IO or high CPU user at the same process used by node-cron.
[2026-05-05T04:56:25.932Z] [PID: 88672] [32m[NODE-CRON][32m [33m[WARN][0m missed execution at Tue May 05 2026 09:20:00 GMT+0530 (India Standard Time)! Possible blocking IO or high CPU user at the same process used by node-cron.
[2026-05-05T04:56:25.933Z] [PID: 88672] [32m[NODE-CRON][32m [33m[WARN][0m missed execution at Tue May 05 2026 09:25:00 GMT+0530 (India Standard Time)! Possible blocking IO or high CPU user at the same process used by node-cron.
[2026-05-05T04:56:25.934Z] [PID: 88672] [32m[NODE-CRON][32m [33m[WARN][0m missed execution at Tue May 05 2026 09:30:00 GMT+0530 (India Standard Time)! Possible blocking IO or high CPU user at the same process used by node-cron.
[2026-05-05T04:56:25.935Z] [PID: 88672] [32m[NODE-CRON][32m [33m[WARN][0m missed execution at Tue May 05 2026 09:35:00 GMT+0530 (India Standard Time)! Possible blocking IO or high CPU user at the same process used by node-cron.
[2026-05-05T04:56:25.936Z] [PID: 88672] [32m[NODE-CRON][32m [33m[WARN][0m missed execution at Tue May 05 2026 09:40:00 GMT+0530 (India Standard Time)! Possible blocking IO or high CPU user at the same process used by node-cron.
[2026-05-05T04:56:25.937Z] [PID: 88672] [32m[NODE-CRON][32m [33m[WARN][0m missed execution at Tue May 05 2026 09:45:00 GMT+0530 (India Standard Time)! Possible blocking IO or high CPU user at the same process used by node-cron.
[2026-05-05T04:56:25.939Z] [PID: 88672] [32m[NODE-CRON][32m [33m[WARN][0m missed execution at Tue May 05 2026 09:50:00 GMT+0530 (India Standard Time)! Possible blocking IO or high CPU user at the same process used by node-cron.
[2026-05-05T04:56:25.940Z] [PID: 88672] [32m[NODE-CRON][32m [33m[WARN][0m missed execution at Tue May 05 2026 09:55:00 GMT+0530 (India Standard Time)! Possible blocking IO or high CPU user at the same process used by node-cron.
[2026-05-05T04:56:25.941Z] [PID: 88672] [32m[NODE-CRON][32m [33m[WARN][0m missed execution at Tue May 05 2026 10:00:00 GMT+0530 (India Standard Time)! Possible blocking IO or high CPU user at the same process used by node-cron.
[2026-05-05T04:56:25.942Z] [PID: 88672] [32m[NODE-CRON][32m [33m[WARN][0m missed execution at Tue May 05 2026 10:05:00 GMT+0530 (India Standard Time)! Possible blocking IO or high CPU user at the same process used by node-cron.
[2026-05-05T04:56:25.943Z] [PID: 88672] [32m[NODE-CRON][32m [33m[WARN][0m missed execution at Tue May 05 2026 10:10:00 GMT+0530 (India Standard Time)! Possible blocking IO or high CPU user at the same process used by node-cron.
[2026-05-05T04:56:25.944Z] [PID: 88672] [32m[NODE-CRON][32m [33m[WARN][0m missed execution at Tue May 05 2026 10:15:00 GMT+0530 (India Standard Time)! Possible blocking IO or high CPU user at the same process used by node-cron.
[2026-05-05T04:56:25.945Z] [PID: 88672] [32m[NODE-CRON][32m [33m[WARN][0m missed execution at Tue May 05 2026 10:20:00 GMT+0530 (India Standard Time)! Possible blocking IO or high CPU user at the same process used by node-cron.
[2026-05-05T04:56:25.946Z] [PID: 88672] [32m[NODE-CRON][32m [33m[WARN][0m missed execution at Tue May 05 2026 10:25:00 GMT+0530 (India Standard Time)! Possible blocking IO or high CPU user at the same process used by node-cron.
[2026-05-05T04:56:25.949Z] [PID: 88672] [32m[NODE-CRON][32m [33m[WARN][0m missed execution at Tue May 05 2026 09:15:00 GMT+0530 (India Standard Time)! Possible blocking IO or high CPU user at the same process used by node-cron.
[2026-05-05T04:56:25.949Z] [PID: 88672] [32m[NODE-CRON][32m [33m[WARN][0m missed execution at Tue May 05 2026 09:30:00 GMT+0530 (India Standard Time)! Possible blocking IO or high CPU user at the same process used by node-cron.
[2026-05-05T04:56:25.950Z] [PID: 88672] [32m[NODE-CRON][32m [33m[WARN][0m missed execution at Tue May 05 2026 09:45:00 GMT+0530 (India Standard Time)! Possible blocking IO or high CPU user at the same process used by node-cron.
[2026-05-05T04:56:25.951Z] [PID: 88672] [32m[NODE-CRON][32m [33m[WARN][0m missed execution at Tue May 05 2026 10:00:00 GMT+0530 (India Standard Time)! Possible blocking IO or high CPU user at the same process used by node-cron.
[2026-05-05T04:56:25.952Z] [PID: 88672] [32m[NODE-CRON][32m [33m[WARN][0m missed execution at Tue May 05 2026 10:15:00 GMT+0530 (India Standard Time)! Possible blocking IO or high CPU user at the same process used by node-cron.
[2026-05-05T04:56:25.954Z] [PID: 88672] [32m[NODE-CRON][32m [33m[WARN][0m missed execution at Tue May 05 2026 09:15:00 GMT+0530 (India Standard Time)! Possible blocking IO or high CPU user at the same process used by node-cron.
[2026-05-05T04:56:25.955Z] [PID: 88672] [32m[NODE-CRON][32m [33m[WARN][0m missed execution at Tue May 05 2026 09:30:00 GMT+0530 (India Standard Time)! Possible blocking IO or high CPU user at the same process used by node-cron.
[2026-05-05T04:56:25.956Z] [PID: 88672] [32m[NODE-CRON][32m [33m[WARN][0m missed execution at Tue May 05 2026 09:45:00 GMT+0530 (India Standard Time)! Possible blocking IO or high CPU user at the same process used by node-cron.
[2026-05-05T04:56:25.957Z] [PID: 88672] [32m[NODE-CRON][32m [33m[WARN][0m missed execution at Tue May 05 2026 10:00:00 GMT+0530 (India Standard Time)! Possible blocking IO or high CPU user at the same process used by node-cron.
[2026-05-05T04:56:25.958Z] [PID: 88672] [32m[NODE-CRON][32m [33m[WARN][0m missed execution at Tue May 05 2026 10:15:00 GMT+0530 (India Standard Time)! Possible blocking IO or high CPU user at the same process used by node-cron.
[2026-05-05T05:10:48.271Z] [PID: 88672] [32m[NODE-CRON][32m [33m[WARN][0m missed execution at Tue May 05 2026 10:30:00 GMT+0530 (India Standard Time)! Possible blocking IO or high CPU user at the same process used by node-cron.
[2026-05-05T05:10:48.274Z] [PID: 88672] [32m[NODE-CRON][32m [33m[WARN][0m missed execution at Tue May 05 2026 10:35:00 GMT+0530 (India Standard Time)! Possible blocking IO or high CPU user at the same process used by node-cron.
[2026-05-05T05:10:48.276Z] [PID: 88672] [32m[NODE-CRON][32m [33m[WARN][0m missed execution at Tue May 05 2026 10:40:00 GMT+0530 (India Standard Time)! Possible blocking IO or high CPU user at the same process used by node-cron.
[2026-05-05T05:10:48.282Z] [PID: 88672] [32m[NODE-CRON][32m [33m[WARN][0m missed execution at Tue May 05 2026 10:30:00 GMT+0530 (India Standard Time)! Possible blocking IO or high CPU user at the same process used by node-cron.
[2026-05-05T05:10:48.283Z] [PID: 88672] [32m[NODE-CRON][32m [33m[WARN][0m missed execution at Tue May 05 2026 10:35:00 GMT+0530 (India Standard Time)! Possible blocking IO or high CPU user at the same process used by node-cron.
[2026-05-05T05:10:48.285Z] [PID: 88672] [32m[NODE-CRON][32m [33m[WARN][0m missed execution at Tue May 05 2026 10:40:00 GMT+0530 (India Standard Time)! Possible blocking IO or high CPU user at the same process used by node-cron.
[2026-05-05T05:10:48.289Z] [PID: 88672] [32m[NODE-CRON][32m [33m[WARN][0m missed execution at Tue May 05 2026 10:30:00 GMT+0530 (India Standard Time)! Possible blocking IO or high CPU user at the same process used by node-cron.
[2026-05-05T05:10:48.293Z] [PID: 88672] [32m[NODE-CRON][32m [33m[WARN][0m missed execution at Tue May 05 2026 10:30:00 GMT+0530 (India Standard Time)! Possible blocking IO or high CPU user at the same process used by node-cron.
[2026-05-05T06:24:42.379Z] [PID: 88672] [32m[NODE-CRON][32m [33m[WARN][0m missed execution at Tue May 05 2026 10:45:00 GMT+0530 (India Standard Time)! Possible blocking IO or high CPU user at the same process used by node-cron.
[2026-05-05T06:24:42.384Z] [PID: 88672] [32m[NODE-CRON][32m [33m[WARN][0m missed execution at Tue May 05 2026 11:00:00 GMT+0530 (India Standard Time)! Possible blocking IO or high CPU user at the same process used by node-cron.
[2026-05-05T06:24:42.387Z] [PID: 88672] [32m[NODE-CRON][32m [33m[WARN][0m missed execution at Tue May 05 2026 11:15:00 GMT+0530 (India Standard Time)! Possible blocking IO or high CPU user at the same process used by node-cron.
[2026-05-05T06:24:42.390Z] [PID: 88672] [32m[NODE-CRON][32m [33m[WARN][0m missed execution at Tue May 05 2026 11:30:00 GMT+0530 (India Standard Time)! Possible blocking IO or high CPU user at the same process used by node-cron.
[2026-05-05T06:24:42.393Z] [PID: 88672] [32m[NODE-CRON][32m [33m[WARN][0m missed execution at Tue May 05 2026 11:45:00 GMT+0530 (India Standard Time)! Possible blocking IO or high CPU user at the same process used by node-cron.
[2026-05-05T06:24:42.399Z] [PID: 88672] [32m[NODE-CRON][32m [33m[WARN][0m missed execution at Tue May 05 2026 10:45:00 GMT+0530 (India Standard Time)! Possible blocking IO or high CPU user at the same process used by node-cron.
[2026-05-05T06:24:42.401Z] [PID: 88672] [32m[NODE-CRON][32m [33m[WARN][0m missed execution at Tue May 05 2026 10:50:00 GMT+0530 (India Standard Time)! Possible blocking IO or high CPU user at the same process used by node-cron.
[2026-05-05T06:24:42.402Z] [PID: 88672] [32m[NODE-CRON][32m [33m[WARN][0m missed execution at Tue May 05 2026 10:55:00 GMT+0530 (India Standard Time)! Possible blocking IO or high CPU user at the same process used by node-cron.
[2026-05-05T06:24:42.405Z] [PID: 88672] [32m[NODE-CRON][32m [33m[WARN][0m missed execution at Tue May 05 2026 11:00:00 GMT+0530 (India Standard Time)! Possible blocking IO or high CPU user at the same process used by node-cron.
[2026-05-05T06:24:42.406Z] [PID: 88672] [32m[NODE-CRON][32m [33m[WARN][0m missed execution at Tue May 05 2026 11:05:00 GMT+0530 (India Standard Time)! Possible blocking IO or high CPU user at the same process used by node-cron.
[2026-05-05T06:24:42.407Z] [PID: 88672] [32m[NODE-CRON][32m [33m[WARN][0m missed execution at Tue May 05 2026 11:10:00 GMT+0530 (India Standard Time)! Possible blocking IO or high CPU user at the same process used by node-cron.
[2026-05-05T06:24:42.409Z] [PID: 88672] [32m[NODE-CRON][32m [33m[WARN][0m missed execution at Tue May 05 2026 11:15:00 GMT+0530 (India Standard Time)! Possible blocking IO or high CPU user at the same process used by node-cron.
[2026-05-05T06:24:42.410Z] [PID: 88672] [32m[NODE-CRON][32m [33m[WARN][0m missed execution at Tue May 05 2026 11:20:00 GMT+0530 (India Standard Time)! Possible blocking IO or high CPU user at the same process used by node-cron.
[2026-05-05T06:24:42.411Z] [PID: 88672] [32m[NODE-CRON][32m [33m[WARN][0m missed execution at Tue May 05 2026 11:25:00 GMT+0530 (India Standard Time)! Possible blocking IO or high CPU user at the same process used by node-cron.
[2026-05-05T06:24:42.412Z] [PID: 88672] [32m[NODE-CRON][32m [33m[WARN][0m missed execution at Tue May 05 2026 11:30:00 GMT+0530 (India Standard Time)! Possible blocking IO or high CPU user at the same process used by node-cron.
[2026-05-05T06:24:42.414Z] [PID: 88672] [32m[NODE-CRON][32m [33m[WARN][0m missed execution at Tue May 05 2026 11:35:00 GMT+0530 (India Standard Time)! Possible blocking IO or high CPU user at the same process used by node-cron.
[2026-05-05T06:24:42.415Z] [PID: 88672] [32m[NODE-CRON][32m [33m[WARN][0m missed execution at Tue May 05 2026 11:40:00 GMT+0530 (India Standard Time)! Possible blocking IO or high CPU user at the same process used by node-cron.
[2026-05-05T06:24:42.416Z] [PID: 88672] [32m[NODE-CRON][32m [33m[WARN][0m missed execution at Tue May 05 2026 11:45:00 GMT+0530 (India Standard Time)! Possible blocking IO or high CPU user at the same process used by node-cron.
[2026-05-05T06:24:42.418Z] [PID: 88672] [32m[NODE-CRON][32m [33m[WARN][0m missed execution at Tue May 05 2026 11:50:00 GMT+0530 (India Standard Time)! Possible blocking IO or high CPU user at the same process used by node-cron.
[2026-05-05T06:24:42.420Z] [PID: 88672] [32m[NODE-CRON][32m [33m[WARN][0m missed execution at Tue May 05 2026 10:45:00 GMT+0530 (India Standard Time)! Possible blocking IO or high CPU user at the same process used by node-cron.
[2026-05-05T06:24:42.422Z] [PID: 88672] [32m[NODE-CRON][32m [33m[WARN][0m missed execution at Tue May 05 2026 10:50:00 GMT+0530 (India Standard Time)! Possible blocking IO or high CPU user at the same process used by node-cron.
[2026-05-05T06:24:42.423Z] [PID: 88672] [32m[NODE-CRON][32m [33m[WARN][0m missed execution at Tue May 05 2026 10:55:00 GMT+0530 (India Standard Time)! Possible blocking IO or high CPU user at the same process used by node-cron.
[2026-05-05T06:24:42.424Z] [PID: 88672] [32m[NODE-CRON][32m [33m[WARN][0m missed execution at Tue May 05 2026 11:00:00 GMT+0530 (India Standard Time)! Possible blocking IO or high CPU user at the same process used by node-cron.
[2026-05-05T06:24:42.425Z] [PID: 88672] [32m[NODE-CRON][32m [33m[WARN][0m missed execution at Tue May 05 2026 11:05:00 GMT+0530 (India Standard Time)! Possible blocking IO or high CPU user at the same process used by node-cron.
[2026-05-05T06:24:42.426Z] [PID: 88672] [32m[NODE-CRON][32m [33m[WARN][0m missed execution at Tue May 05 2026 11:10:00 GMT+0530 (India Standard Time)! Possible blocking IO or high CPU user at the same process used by node-cron.
[2026-05-05T06:24:42.427Z] [PID: 88672] [32m[NODE-CRON][32m [33m[WARN][0m missed execution at Tue May 05 2026 11:15:00 GMT+0530 (India Standard Time)! Possible blocking IO or high CPU user at the same process used by node-cron.
[2026-05-05T06:24:42.428Z] [PID: 88672] [32m[NODE-CRON][32m [33m[WARN][0m missed execution at Tue May 05 2026 11:20:00 GMT+0530 (India Standard Time)! Possible blocking IO or high CPU user at the same process used by node-cron.
[2026-05-05T06:24:42.429Z] [PID: 88672] [32m[NODE-CRON][32m [33m[WARN][0m missed execution at Tue May 05 2026 11:25:00 GMT+0530 (India Standard Time)! Possible blocking IO or high CPU user at the same process used by node-cron.
[2026-05-05T06:24:42.430Z] [PID: 88672] [32m[NODE-CRON][32m [33m[WARN][0m missed execution at Tue May 05 2026 11:30:00 GMT+0530 (India Standard Time)! Possible blocking IO or high CPU user at the same process used by node-cron.
[2026-05-05T06:24:42.431Z] [PID: 88672] [32m[NODE-CRON][32m [33m[WARN][0m missed execution at Tue May 05 2026 11:35:00 GMT+0530 (India Standard Time)! Possible blocking IO or high CPU user at the same process used by node-cron.
[2026-05-05T06:24:42.432Z] [PID: 88672] [32m[NODE-CRON][32m [33m[WARN][0m missed execution at Tue May 05 2026 11:40:00 GMT+0530 (India Standard Time)! Possible blocking IO or high CPU user at the same process used by node-cron.
[2026-05-05T06:24:42.433Z] [PID: 88672] [32m[NODE-CRON][32m [33m[WARN][0m missed execution at Tue May 05 2026 11:45:00 GMT+0530 (India Standard Time)! Possible blocking IO or high CPU user at the same process used by node-cron.
[2026-05-05T06:24:42.438Z] [PID: 88672] [32m[NODE-CRON][32m [33m[WARN][0m missed execution at Tue May 05 2026 11:50:00 GMT+0530 (India Standard Time)! Possible blocking IO or high CPU user at the same process used by node-cron.
[2026-05-05T06:24:42.440Z] [PID: 88672] [32m[NODE-CRON][32m [33m[WARN][0m missed execution at Tue May 05 2026 10:45:00 GMT+0530 (India Standard Time)! Possible blocking IO or high CPU user at the same process used by node-cron.
[2026-05-05T06:24:42.441Z] [PID: 88672] [32m[NODE-CRON][32m [33m[WARN][0m missed execution at Tue May 05 2026 11:00:00 GMT+0530 (India Standard Time)! Possible blocking IO or high CPU user at the same process used by node-cron.
[2026-05-05T06:24:42.441Z] [PID: 88672] [32m[NODE-CRON][32m [33m[WARN][0m missed execution at Tue May 05 2026 11:15:00 GMT+0530 (India Standard Time)! Possible blocking IO or high CPU user at the same process used by node-cron.
[2026-05-05T06:24:42.442Z] [PID: 88672] [32m[NODE-CRON][32m [33m[WARN][0m missed execution at Tue May 05 2026 11:30:00 GMT+0530 (India Standard Time)! Possible blocking IO or high CPU user at the same process used by node-cron.
[2026-05-05T06:24:42.443Z] [PID: 88672] [32m[NODE-CRON][32m [33m[WARN][0m missed execution at Tue May 05 2026 11:45:00 GMT+0530 (India Standard Time)! Possible blocking IO or high CPU user at the same process used by node-cron.
Error processing reminders: PrismaClientKnownRequestError: 
Invalid `prisma.reminder.findMany()` invocation in
/Users/dharun/Desktop/ZX_CRM/ZX-CRM/backend/src/services/reminderService.js:11:56

   8 const tenMinutesFromNow = new Date(now.getTime() + 10 * 60000);
   9 
  10 // Find reminders that are due and haven't been sent
→ 11 const pendingReminders = await prisma.reminder.findMany(
Can't reach database server at `dpg-d7d33un41pts739pf620-a.oregon-postgres.render.com:5432`

Please make sure your database server is running at `dpg-d7d33un41pts739pf620-a.oregon-postgres.render.com:5432`.
    at Vg.handleRequestError (/Users/dharun/Desktop/ZX_CRM/ZX-CRM/backend/node_modules/@prisma/client/runtime/binary.js:182:7317)
    at Vg.handleAndLogRequestError (/Users/dharun/Desktop/ZX_CRM/ZX-CRM/backend/node_modules/@prisma/client/runtime/binary.js:182:6624)
    at Vg.request (/Users/dharun/Desktop/ZX_CRM/ZX-CRM/backend/node_modules/@prisma/client/runtime/binary.js:182:6308)
    at process.processTicksAndRejections (node:internal/process/task_queues:104:5)
    at async a (/Users/dharun/Desktop/ZX_CRM/ZX-CRM/backend/node_modules/@prisma/client/runtime/binary.js:191:9642)
    at async processReminders (/Users/dharun/Desktop/ZX_CRM/ZX-CRM/backend/src/services/reminderService.js:11:34) {
  code: 'P1001',
  clientVersion: '5.22.0',
  meta: {
    modelName: 'Reminder',
    database_host: 'dpg-d7d33un41pts739pf620-a.oregon-postgres.render.com',
    database_port: 5432
  }
}
[AutoBreakOffline] Error: 
Invalid `prisma.user.findMany()` invocation in
/Users/dharun/Desktop/ZX_CRM/ZX-CRM/backend/src/jobs/autoBreakOffline.js:8:48

  5 try {
  6     const oneHourAgo = new Date(Date.now() - 60 * 60 * 1000);
  7 
→ 8     const usersOnBreak = await prisma.user.findMany(
Can't reach database server at `dpg-d7d33un41pts739pf620-a.oregon-postgres.render.com:5432`

Please make sure your database server is running at `dpg-d7d33un41pts739pf620-a.oregon-postgres.render.com:5432`.
Running Gmail fallback sync...
Running Meta Ads polling fallback cron job...
Gmail Cron: No active Gmail integration found
Running Gmail fallback sync...
Running Meta Ads polling fallback cron job...
Gmail Cron: No active Gmail integration found
Running Meta Ads polling fallback cron job...
Running Gmail fallback sync...
Gmail Cron: No active Gmail integration found
Running Meta Ads polling fallback cron job...
Running Gmail fallback sync...
Gmail Cron: No active Gmail integration found
Running Gmail fallback sync...
Running Meta Ads polling fallback cron job...
Gmail Cron: No active Gmail integration found
[2026-05-05T08:25:30.072Z] [PID: 88672] [32m[NODE-CRON][32m [33m[WARN][0m missed execution at Tue May 05 2026 13:10:00 GMT+0530 (India Standard Time)! Possible blocking IO or high CPU user at the same process used by node-cron.
[2026-05-05T08:25:30.075Z] [PID: 88672] [32m[NODE-CRON][32m [33m[WARN][0m missed execution at Tue May 05 2026 13:15:00 GMT+0530 (India Standard Time)! Possible blocking IO or high CPU user at the same process used by node-cron.
[2026-05-05T08:25:30.078Z] [PID: 88672] [32m[NODE-CRON][32m [33m[WARN][0m missed execution at Tue May 05 2026 13:20:00 GMT+0530 (India Standard Time)! Possible blocking IO or high CPU user at the same process used by node-cron.
[2026-05-05T08:25:30.080Z] [PID: 88672] [32m[NODE-CRON][32m [33m[WARN][0m missed execution at Tue May 05 2026 13:25:00 GMT+0530 (India Standard Time)! Possible blocking IO or high CPU user at the same process used by node-cron.
[2026-05-05T08:25:30.083Z] [PID: 88672] [32m[NODE-CRON][32m [33m[WARN][0m missed execution at Tue May 05 2026 13:30:00 GMT+0530 (India Standard Time)! Possible blocking IO or high CPU user at the same process used by node-cron.
[2026-05-05T08:25:30.085Z] [PID: 88672] [32m[NODE-CRON][32m [33m[WARN][0m missed execution at Tue May 05 2026 13:35:00 GMT+0530 (India Standard Time)! Possible blocking IO or high CPU user at the same process used by node-cron.
[2026-05-05T08:25:30.087Z] [PID: 88672] [32m[NODE-CRON][32m [33m[WARN][0m missed execution at Tue May 05 2026 13:40:00 GMT+0530 (India Standard Time)! Possible blocking IO or high CPU user at the same process used by node-cron.
[2026-05-05T08:25:30.089Z] [PID: 88672] [32m[NODE-CRON][32m [33m[WARN][0m missed execution at Tue May 05 2026 13:45:00 GMT+0530 (India Standard Time)! Possible blocking IO or high CPU user at the same process used by node-cron.
[2026-05-05T08:25:30.091Z] [PID: 88672] [32m[NODE-CRON][32m [33m[WARN][0m missed execution at Tue May 05 2026 13:50:00 GMT+0530 (India Standard Time)! Possible blocking IO or high CPU user at the same process used by node-cron.
[2026-05-05T08:25:30.092Z] [PID: 88672] [32m[NODE-CRON][32m [33m[WARN][0m missed execution at Tue May 05 2026 13:55:00 GMT+0530 (India Standard Time)! Possible blocking IO or high CPU user at the same process used by node-cron.
[2026-05-05T08:25:30.097Z] [PID: 88672] [32m[NODE-CRON][32m [33m[WARN][0m missed execution at Tue May 05 2026 13:10:00 GMT+0530 (India Standard Time)! Possible blocking IO or high CPU user at the same process used by node-cron.
[2026-05-05T08:25:30.098Z] [PID: 88672] [32m[NODE-CRON][32m [33m[WARN][0m missed execution at Tue May 05 2026 13:15:00 GMT+0530 (India Standard Time)! Possible blocking IO or high CPU user at the same process used by node-cron.
[2026-05-05T08:25:30.099Z] [PID: 88672] [32m[NODE-CRON][32m [33m[WARN][0m missed execution at Tue May 05 2026 13:20:00 GMT+0530 (India Standard Time)! Possible blocking IO or high CPU user at the same process used by node-cron.
[2026-05-05T08:25:30.100Z] [PID: 88672] [32m[NODE-CRON][32m [33m[WARN][0m missed execution at Tue May 05 2026 13:25:00 GMT+0530 (India Standard Time)! Possible blocking IO or high CPU user at the same process used by node-cron.
[2026-05-05T08:25:30.101Z] [PID: 88672] [32m[NODE-CRON][32m [33m[WARN][0m missed execution at Tue May 05 2026 13:30:00 GMT+0530 (India Standard Time)! Possible blocking IO or high CPU user at the same process used by node-cron.
[2026-05-05T08:25:30.102Z] [PID: 88672] [32m[NODE-CRON][32m [33m[WARN][0m missed execution at Tue May 05 2026 13:35:00 GMT+0530 (India Standard Time)! Possible blocking IO or high CPU user at the same process used by node-cron.
[2026-05-05T08:25:30.103Z] [PID: 88672] [32m[NODE-CRON][32m [33m[WARN][0m missed execution at Tue May 05 2026 13:40:00 GMT+0530 (India Standard Time)! Possible blocking IO or high CPU user at the same process used by node-cron.
[2026-05-05T08:25:30.104Z] [PID: 88672] [32m[NODE-CRON][32m [33m[WARN][0m missed execution at Tue May 05 2026 13:45:00 GMT+0530 (India Standard Time)! Possible blocking IO or high CPU user at the same process used by node-cron.
[2026-05-05T08:25:30.106Z] [PID: 88672] [32m[NODE-CRON][32m [33m[WARN][0m missed execution at Tue May 05 2026 13:50:00 GMT+0530 (India Standard Time)! Possible blocking IO or high CPU user at the same process used by node-cron.
[2026-05-05T08:25:30.107Z] [PID: 88672] [32m[NODE-CRON][32m [33m[WARN][0m missed execution at Tue May 05 2026 13:55:00 GMT+0530 (India Standard Time)! Possible blocking IO or high CPU user at the same process used by node-cron.
[2026-05-05T08:25:30.112Z] [PID: 88672] [32m[NODE-CRON][32m [33m[WARN][0m missed execution at Tue May 05 2026 13:15:00 GMT+0530 (India Standard Time)! Possible blocking IO or high CPU user at the same process used by node-cron.
[2026-05-05T08:25:30.113Z] [PID: 88672] [32m[NODE-CRON][32m [33m[WARN][0m missed execution at Tue May 05 2026 13:30:00 GMT+0530 (India Standard Time)! Possible blocking IO or high CPU user at the same process used by node-cron.
[2026-05-05T08:25:30.114Z] [PID: 88672] [32m[NODE-CRON][32m [33m[WARN][0m missed execution at Tue May 05 2026 13:45:00 GMT+0530 (India Standard Time)! Possible blocking IO or high CPU user at the same process used by node-cron.
[2026-05-05T08:25:30.117Z] [PID: 88672] [32m[NODE-CRON][32m [33m[WARN][0m missed execution at Tue May 05 2026 13:15:00 GMT+0530 (India Standard Time)! Possible blocking IO or high CPU user at the same process used by node-cron.
[2026-05-05T08:25:30.118Z] [PID: 88672] [32m[NODE-CRON][32m [33m[WARN][0m missed execution at Tue May 05 2026 13:30:00 GMT+0530 (India Standard Time)! Possible blocking IO or high CPU user at the same process used by node-cron.
[2026-05-05T08:25:30.119Z] [PID: 88672] [32m[NODE-CRON][32m [33m[WARN][0m missed execution at Tue May 05 2026 13:45:00 GMT+0530 (India Standard Time)! Possible blocking IO or high CPU user at the same process used by node-cron.
[2026-05-05T09:20:23.922Z] [PID: 88672] [32m[NODE-CRON][32m [33m[WARN][0m missed execution at Tue May 05 2026 14:00:00 GMT+0530 (India Standard Time)! Possible blocking IO or high CPU user at the same process used by node-cron.
[2026-05-05T09:20:23.924Z] [PID: 88672] [32m[NODE-CRON][32m [33m[WARN][0m missed execution at Tue May 05 2026 14:05:00 GMT+0530 (India Standard Time)! Possible blocking IO or high CPU user at the same process used by node-cron.
[2026-05-05T09:20:23.925Z] [PID: 88672] [32m[NODE-CRON][32m [33m[WARN][0m missed execution at Tue May 05 2026 14:10:00 GMT+0530 (India Standard Time)! Possible blocking IO or high CPU user at the same process used by node-cron.
[2026-05-05T09:20:23.926Z] [PID: 88672] [32m[NODE-CRON][32m [33m[WARN][0m missed execution at Tue May 05 2026 14:15:00 GMT+0530 (India Standard Time)! Possible blocking IO or high CPU user at the same process used by node-cron.
[2026-05-05T09:20:23.927Z] [PID: 88672] [32m[NODE-CRON][32m [33m[WARN][0m missed execution at Tue May 05 2026 14:20:00 GMT+0530 (India Standard Time)! Possible blocking IO or high CPU user at the same process used by node-cron.
[2026-05-05T09:20:23.928Z] [PID: 88672] [32m[NODE-CRON][32m [33m[WARN][0m missed execution at Tue May 05 2026 14:25:00 GMT+0530 (India Standard Time)! Possible blocking IO or high CPU user at the same process used by node-cron.
[2026-05-05T09:20:23.930Z] [PID: 88672] [32m[NODE-CRON][32m [33m[WARN][0m missed execution at Tue May 05 2026 14:30:00 GMT+0530 (India Standard Time)! Possible blocking IO or high CPU user at the same process used by node-cron.
[2026-05-05T09:20:23.931Z] [PID: 88672] [32m[NODE-CRON][32m [33m[WARN][0m missed execution at Tue May 05 2026 14:35:00 GMT+0530 (India Standard Time)! Possible blocking IO or high CPU user at the same process used by node-cron.
[2026-05-05T09:20:23.932Z] [PID: 88672] [32m[NODE-CRON][32m [33m[WARN][0m missed execution at Tue May 05 2026 14:40:00 GMT+0530 (India Standard Time)! Possible blocking IO or high CPU user at the same process used by node-cron.
[2026-05-05T09:20:23.933Z] [PID: 88672] [32m[NODE-CRON][32m [33m[WARN][0m missed execution at Tue May 05 2026 14:45:00 GMT+0530 (India Standard Time)! Possible blocking IO or high CPU user at the same process used by node-cron.
[2026-05-05T09:20:23.934Z] [PID: 88672] [32m[NODE-CRON][32m [33m[WARN][0m missed execution at Tue May 05 2026 14:50:00 GMT+0530 (India Standard Time)! Possible blocking IO or high CPU user at the same process used by node-cron.
[2026-05-05T09:20:23.938Z] [PID: 88672] [32m[NODE-CRON][32m [33m[WARN][0m missed execution at Tue May 05 2026 14:00:00 GMT+0530 (India Standard Time)! Possible blocking IO or high CPU user at the same process used by node-cron.
[2026-05-05T09:20:23.939Z] [PID: 88672] [32m[NODE-CRON][32m [33m[WARN][0m missed execution at Tue May 05 2026 14:05:00 GMT+0530 (India Standard Time)! Possible blocking IO or high CPU user at the same process used by node-cron.
[2026-05-05T09:20:23.940Z] [PID: 88672] [32m[NODE-CRON][32m [33m[WARN][0m missed execution at Tue May 05 2026 14:10:00 GMT+0530 (India Standard Time)! Possible blocking IO or high CPU user at the same process used by node-cron.
[2026-05-05T09:20:23.941Z] [PID: 88672] [32m[NODE-CRON][32m [33m[WARN][0m missed execution at Tue May 05 2026 14:15:00 GMT+0530 (India Standard Time)! Possible blocking IO or high CPU user at the same process used by node-cron.
[2026-05-05T09:20:23.942Z] [PID: 88672] [32m[NODE-CRON][32m [33m[WARN][0m missed execution at Tue May 05 2026 14:20:00 GMT+0530 (India Standard Time)! Possible blocking IO or high CPU user at the same process used by node-cron.
[2026-05-05T09:20:23.944Z] [PID: 88672] [32m[NODE-CRON][32m [33m[WARN][0m missed execution at Tue May 05 2026 14:25:00 GMT+0530 (India Standard Time)! Possible blocking IO or high CPU user at the same process used by node-cron.
[2026-05-05T09:20:23.945Z] [PID: 88672] [32m[NODE-CRON][32m [33m[WARN][0m missed execution at Tue May 05 2026 14:30:00 GMT+0530 (India Standard Time)! Possible blocking IO or high CPU user at the same process used by node-cron.
[2026-05-05T09:20:23.946Z] [PID: 88672] [32m[NODE-CRON][32m [33m[WARN][0m missed execution at Tue May 05 2026 14:35:00 GMT+0530 (India Standard Time)! Possible blocking IO or high CPU user at the same process used by node-cron.
[2026-05-05T09:20:23.947Z] [PID: 88672] [32m[NODE-CRON][32m [33m[WARN][0m missed execution at Tue May 05 2026 14:40:00 GMT+0530 (India Standard Time)! Possible blocking IO or high CPU user at the same process used by node-cron.
[2026-05-05T09:20:23.948Z] [PID: 88672] [32m[NODE-CRON][32m [33m[WARN][0m missed execution at Tue May 05 2026 14:45:00 GMT+0530 (India Standard Time)! Possible blocking IO or high CPU user at the same process used by node-cron.
[2026-05-05T09:20:23.949Z] [PID: 88672] [32m[NODE-CRON][32m [33m[WARN][0m missed execution at Tue May 05 2026 14:50:00 GMT+0530 (India Standard Time)! Possible blocking IO or high CPU user at the same process used by node-cron.
[2026-05-05T09:20:23.952Z] [PID: 88672] [32m[NODE-CRON][32m [33m[WARN][0m missed execution at Tue May 05 2026 14:00:00 GMT+0530 (India Standard Time)! Possible blocking IO or high CPU user at the same process used by node-cron.
[2026-05-05T09:20:23.953Z] [PID: 88672] [32m[NODE-CRON][32m [33m[WARN][0m missed execution at Tue May 05 2026 14:15:00 GMT+0530 (India Standard Time)! Possible blocking IO or high CPU user at the same process used by node-cron.
[2026-05-05T09:20:23.954Z] [PID: 88672] [32m[NODE-CRON][32m [33m[WARN][0m missed execution at Tue May 05 2026 14:30:00 GMT+0530 (India Standard Time)! Possible blocking IO or high CPU user at the same process used by node-cron.
[2026-05-05T09:20:23.956Z] [PID: 88672] [32m[NODE-CRON][32m [33m[WARN][0m missed execution at Tue May 05 2026 14:45:00 GMT+0530 (India Standard Time)! Possible blocking IO or high CPU user at the same process used by node-cron.
[2026-05-05T09:20:23.960Z] [PID: 88672] [32m[NODE-CRON][32m [33m[WARN][0m missed execution at Tue May 05 2026 14:00:00 GMT+0530 (India Standard Time)! Possible blocking IO or high CPU user at the same process used by node-cron.
[2026-05-05T09:20:23.961Z] [PID: 88672] [32m[NODE-CRON][32m [33m[WARN][0m missed execution at Tue May 05 2026 14:15:00 GMT+0530 (India Standard Time)! Possible blocking IO or high CPU user at the same process used by node-cron.
[2026-05-05T09:20:23.963Z] [PID: 88672] [32m[NODE-CRON][32m [33m[WARN][0m missed execution at Tue May 05 2026 14:30:00 GMT+0530 (India Standard Time)! Possible blocking IO or high CPU user at the same process used by node-cron.
[2026-05-05T09:20:23.964Z] [PID: 88672] [32m[NODE-CRON][32m [33m[WARN][0m missed execution at Tue May 05 2026 14:45:00 GMT+0530 (India Standard Time)! Possible blocking IO or high CPU user at the same process used by node-cron.
Running Meta Ads polling fallback cron job...
Running Gmail fallback sync...
Gmail Cron: No active Gmail integration found
Running Meta Ads polling fallback cron job...
Running Gmail fallback sync...
Gmail Cron: No active Gmail integration found
Running Meta Ads polling fallback cron job...
Running Gmail fallback sync...
Gmail Cron: No active Gmail integration found
Running Meta Ads polling fallback cron job...
Running Gmail fallback sync...
Gmail Cron: No active Gmail integration found
Running Gmail fallback sync...
Running Meta Ads polling fallback cron job...
Gmail Cron: No active Gmail integration found
Running Gmail fallback sync...
Running Meta Ads polling fallback cron job...
Gmail Cron: No active Gmail integration found
authMiddleware rejected request for: /api/permissions/me due to no token
authMiddleware rejected request for: /api/permissions/me due to no token
Platform stats error: PrismaClientKnownRequestError: 
Invalid `prisma.workspace.count()` invocation in
/Users/dharun/Desktop/ZX_CRM/ZX-CRM/backend/src/controllers/platformController.js:71:30

  68 prisma.workspace.count({ where: { status: "ACTIVE" } }),
  69 prisma.user.count({ where: { role: { not: "PLATFORM_OWNER" } } }),
  70 prisma.lead.count(),
→ 71 prisma.workspace.count(
The column `Workspace.createdAt` does not exist in the current database.
    at Vg.handleRequestError (/Users/dharun/Desktop/ZX_CRM/ZX-CRM/backend/node_modules/@prisma/client/runtime/binary.js:182:7317)
    at Vg.handleAndLogRequestError (/Users/dharun/Desktop/ZX_CRM/ZX-CRM/backend/node_modules/@prisma/client/runtime/binary.js:182:6624)
    at Vg.request (/Users/dharun/Desktop/ZX_CRM/ZX-CRM/backend/node_modules/@prisma/client/runtime/binary.js:182:6308)
    at process.processTicksAndRejections (node:internal/process/task_queues:104:5)
    at async a (/Users/dharun/Desktop/ZX_CRM/ZX-CRM/backend/node_modules/@prisma/client/runtime/binary.js:191:9642)
    at async Promise.all (index 4)
    at async getPlatformStats (/Users/dharun/Desktop/ZX_CRM/ZX-CRM/backend/src/controllers/platformController.js:66:13) {
  code: 'P2022',
  clientVersion: '5.22.0',
  meta: { modelName: 'Workspace', column: 'Workspace.createdAt' }
}
Platform stats error: PrismaClientKnownRequestError: 
Invalid `prisma.workspace.count()` invocation in
/Users/dharun/Desktop/ZX_CRM/ZX-CRM/backend/src/controllers/platformController.js:68:30

  65     newLeadsThisMonth
  66 ] = await Promise.all([
  67     prisma.workspace.count(),
→ 68     prisma.workspace.count(
The column `Workspace.status` does not exist in the current database.
    at Vg.handleRequestError (/Users/dharun/Desktop/ZX_CRM/ZX-CRM/backend/node_modules/@prisma/client/runtime/binary.js:182:7317)
    at Vg.handleAndLogRequestError (/Users/dharun/Desktop/ZX_CRM/ZX-CRM/backend/node_modules/@prisma/client/runtime/binary.js:182:6624)
    at Vg.request (/Users/dharun/Desktop/ZX_CRM/ZX-CRM/backend/node_modules/@prisma/client/runtime/binary.js:182:6308)
    at process.processTicksAndRejections (node:internal/process/task_queues:104:5)
    at async a (/Users/dharun/Desktop/ZX_CRM/ZX-CRM/backend/node_modules/@prisma/client/runtime/binary.js:191:9642)
    at async Promise.all (index 1)
    at async getPlatformStats (/Users/dharun/Desktop/ZX_CRM/ZX-CRM/backend/src/controllers/platformController.js:66:13) {
  code: 'P2022',
  clientVersion: '5.22.0',
  meta: { modelName: 'Workspace', column: 'Workspace.status' }
}
Get workspaces error: PrismaClientKnownRequestError: 
Invalid `prisma.workspace.findMany()` invocation in
/Users/dharun/Desktop/ZX_CRM/ZX-CRM/backend/src/controllers/platformController.js:143:30

  140 };
  141 
  142 const [workspaces, total] = await Promise.all([
→ 143     prisma.workspace.findMany(
The column `Workspace.slug` does not exist in the current database.
    at Vg.handleRequestError (/Users/dharun/Desktop/ZX_CRM/ZX-CRM/backend/node_modules/@prisma/client/runtime/binary.js:182:7317)
    at Vg.handleAndLogRequestError (/Users/dharun/Desktop/ZX_CRM/ZX-CRM/backend/node_modules/@prisma/client/runtime/binary.js:182:6624)
    at Vg.request (/Users/dharun/Desktop/ZX_CRM/ZX-CRM/backend/node_modules/@prisma/client/runtime/binary.js:182:6308)
    at process.processTicksAndRejections (node:internal/process/task_queues:104:5)
    at async a (/Users/dharun/Desktop/ZX_CRM/ZX-CRM/backend/node_modules/@prisma/client/runtime/binary.js:191:9642)
    at async Promise.all (index 0)
    at async getWorkspaces (/Users/dharun/Desktop/ZX_CRM/ZX-CRM/backend/src/controllers/platformController.js:142:37) {
  code: 'P2022',
  clientVersion: '5.22.0',
  meta: { modelName: 'Workspace', column: 'Workspace.slug' }
}
Platform stats error: PrismaClientKnownRequestError: 
Invalid `prisma.workspace.count()` invocation in
/Users/dharun/Desktop/ZX_CRM/ZX-CRM/backend/src/controllers/platformController.js:71:30

  68 prisma.workspace.count({ where: { status: "ACTIVE" } }),
  69 prisma.user.count({ where: { role: { not: "PLATFORM_OWNER" } } }),
  70 prisma.lead.count(),
→ 71 prisma.workspace.count(
The column `Workspace.createdAt` does not exist in the current database.
    at Vg.handleRequestError (/Users/dharun/Desktop/ZX_CRM/ZX-CRM/backend/node_modules/@prisma/client/runtime/binary.js:182:7317)
    at Vg.handleAndLogRequestError (/Users/dharun/Desktop/ZX_CRM/ZX-CRM/backend/node_modules/@prisma/client/runtime/binary.js:182:6624)
    at Vg.request (/Users/dharun/Desktop/ZX_CRM/ZX-CRM/backend/node_modules/@prisma/client/runtime/binary.js:182:6308)
    at process.processTicksAndRejections (node:internal/process/task_queues:104:5)
    at async a (/Users/dharun/Desktop/ZX_CRM/ZX-CRM/backend/node_modules/@prisma/client/runtime/binary.js:191:9642)
    at async Promise.all (index 4)
    at async getPlatformStats (/Users/dharun/Desktop/ZX_CRM/ZX-CRM/backend/src/controllers/platformController.js:66:13) {
  code: 'P2022',
  clientVersion: '5.22.0',
  meta: { modelName: 'Workspace', column: 'Workspace.createdAt' }
}
Platform stats error: PrismaClientKnownRequestError: 
Invalid `prisma.workspace.count()` invocation in
/Users/dharun/Desktop/ZX_CRM/ZX-CRM/backend/src/controllers/platformController.js:68:30

  65     newLeadsThisMonth
  66 ] = await Promise.all([
  67     prisma.workspace.count(),
→ 68     prisma.workspace.count(
The column `Workspace.status` does not exist in the current database.
    at Vg.handleRequestError (/Users/dharun/Desktop/ZX_CRM/ZX-CRM/backend/node_modules/@prisma/client/runtime/binary.js:182:7317)
    at Vg.handleAndLogRequestError (/Users/dharun/Desktop/ZX_CRM/ZX-CRM/backend/node_modules/@prisma/client/runtime/binary.js:182:6624)
    at Vg.request (/Users/dharun/Desktop/ZX_CRM/ZX-CRM/backend/node_modules/@prisma/client/runtime/binary.js:182:6308)
    at process.processTicksAndRejections (node:internal/process/task_queues:104:5)
    at async a (/Users/dharun/Desktop/ZX_CRM/ZX-CRM/backend/node_modules/@prisma/client/runtime/binary.js:191:9642)
    at async Promise.all (index 1)
    at async getPlatformStats (/Users/dharun/Desktop/ZX_CRM/ZX-CRM/backend/src/controllers/platformController.js:66:13) {
  code: 'P2022',
  clientVersion: '5.22.0',
  meta: { modelName: 'Workspace', column: 'Workspace.status' }
}
Get workspaces error: PrismaClientKnownRequestError: 
Invalid `prisma.workspace.findMany()` invocation in
/Users/dharun/Desktop/ZX_CRM/ZX-CRM/backend/src/controllers/platformController.js:143:30

  140 };
  141 
  142 const [workspaces, total] = await Promise.all([
→ 143     prisma.workspace.findMany(
The column `Workspace.slug` does not exist in the current database.
    at Vg.handleRequestError (/Users/dharun/Desktop/ZX_CRM/ZX-CRM/backend/node_modules/@prisma/client/runtime/binary.js:182:7317)
    at Vg.handleAndLogRequestError (/Users/dharun/Desktop/ZX_CRM/ZX-CRM/backend/node_modules/@prisma/client/runtime/binary.js:182:6624)
    at Vg.request (/Users/dharun/Desktop/ZX_CRM/ZX-CRM/backend/node_modules/@prisma/client/runtime/binary.js:182:6308)
    at process.processTicksAndRejections (node:internal/process/task_queues:104:5)
    at async a (/Users/dharun/Desktop/ZX_CRM/ZX-CRM/backend/node_modules/@prisma/client/runtime/binary.js:191:9642)
    at async Promise.all (index 0)
    at async getWorkspaces (/Users/dharun/Desktop/ZX_CRM/ZX-CRM/backend/src/controllers/platformController.js:142:37) {
  code: 'P2022',
  clientVersion: '5.22.0',
  meta: { modelName: 'Workspace', column: 'Workspace.slug' }
}
Platform stats error: PrismaClientKnownRequestError: 
Invalid `prisma.workspace.count()` invocation in
/Users/dharun/Desktop/ZX_CRM/ZX-CRM/backend/src/controllers/platformController.js:68:30

  65     newLeadsThisMonth
  66 ] = await Promise.all([
  67     prisma.workspace.count(),
→ 68     prisma.workspace.count(
The column `Workspace.status` does not exist in the current database.
    at Vg.handleRequestError (/Users/dharun/Desktop/ZX_CRM/ZX-CRM/backend/node_modules/@prisma/client/runtime/binary.js:182:7317)
    at Vg.handleAndLogRequestError (/Users/dharun/Desktop/ZX_CRM/ZX-CRM/backend/node_modules/@prisma/client/runtime/binary.js:182:6624)
    at Vg.request (/Users/dharun/Desktop/ZX_CRM/ZX-CRM/backend/node_modules/@prisma/client/runtime/binary.js:182:6308)
    at process.processTicksAndRejections (node:internal/process/task_queues:104:5)
    at async a (/Users/dharun/Desktop/ZX_CRM/ZX-CRM/backend/node_modules/@prisma/client/runtime/binary.js:191:9642)
    at async Promise.all (index 1)
    at async getPlatformStats (/Users/dharun/Desktop/ZX_CRM/ZX-CRM/backend/src/controllers/platformController.js:66:13) {
  code: 'P2022',
  clientVersion: '5.22.0',
  meta: { modelName: 'Workspace', column: 'Workspace.status' }
}
Platform stats error: PrismaClientKnownRequestError: 
Invalid `prisma.workspace.count()` invocation in
/Users/dharun/Desktop/ZX_CRM/ZX-CRM/backend/src/controllers/platformController.js:68:30

  65     newLeadsThisMonth
  66 ] = await Promise.all([
  67     prisma.workspace.count(),
→ 68     prisma.workspace.count(
The column `Workspace.status` does not exist in the current database.
    at Vg.handleRequestError (/Users/dharun/Desktop/ZX_CRM/ZX-CRM/backend/node_modules/@prisma/client/runtime/binary.js:182:7317)
    at Vg.handleAndLogRequestError (/Users/dharun/Desktop/ZX_CRM/ZX-CRM/backend/node_modules/@prisma/client/runtime/binary.js:182:6624)
    at Vg.request (/Users/dharun/Desktop/ZX_CRM/ZX-CRM/backend/node_modules/@prisma/client/runtime/binary.js:182:6308)
    at process.processTicksAndRejections (node:internal/process/task_queues:104:5)
    at async a (/Users/dharun/Desktop/ZX_CRM/ZX-CRM/backend/node_modules/@prisma/client/runtime/binary.js:191:9642)
    at async Promise.all (index 1)
    at async getPlatformStats (/Users/dharun/Desktop/ZX_CRM/ZX-CRM/backend/src/controllers/platformController.js:66:13) {
  code: 'P2022',
  clientVersion: '5.22.0',
  meta: { modelName: 'Workspace', column: 'Workspace.status' }
}
Platform stats error: PrismaClientKnownRequestError: 
Invalid `prisma.workspace.count()` invocation in
/Users/dharun/Desktop/ZX_CRM/ZX-CRM/backend/src/controllers/platformController.js:68:30

  65     newLeadsThisMonth
  66 ] = await Promise.all([
  67     prisma.workspace.count(),
→ 68     prisma.workspace.count(
The column `Workspace.status` does not exist in the current database.
    at Vg.handleRequestError (/Users/dharun/Desktop/ZX_CRM/ZX-CRM/backend/node_modules/@prisma/client/runtime/binary.js:182:7317)
    at Vg.handleAndLogRequestError (/Users/dharun/Desktop/ZX_CRM/ZX-CRM/backend/node_modules/@prisma/client/runtime/binary.js:182:6624)
    at Vg.request (/Users/dharun/Desktop/ZX_CRM/ZX-CRM/backend/node_modules/@prisma/client/runtime/binary.js:182:6308)
    at process.processTicksAndRejections (node:internal/process/task_queues:104:5)
    at async a (/Users/dharun/Desktop/ZX_CRM/ZX-CRM/backend/node_modules/@prisma/client/runtime/binary.js:191:9642)
    at async Promise.all (index 1)
    at async getPlatformStats (/Users/dharun/Desktop/ZX_CRM/ZX-CRM/backend/src/controllers/platformController.js:66:13) {
  code: 'P2022',
  clientVersion: '5.22.0',
  meta: { modelName: 'Workspace', column: 'Workspace.status' }
}
Platform stats error: PrismaClientKnownRequestError: 
Invalid `prisma.workspace.count()` invocation in
/Users/dharun/Desktop/ZX_CRM/ZX-CRM/backend/src/controllers/platformController.js:71:30

  68 prisma.workspace.count({ where: { status: "ACTIVE" } }),
  69 prisma.user.count({ where: { role: { not: "PLATFORM_OWNER" } } }),
  70 prisma.lead.count(),
→ 71 prisma.workspace.count(
The column `Workspace.createdAt` does not exist in the current database.
    at Vg.handleRequestError (/Users/dharun/Desktop/ZX_CRM/ZX-CRM/backend/node_modules/@prisma/client/runtime/binary.js:182:7317)
    at Vg.handleAndLogRequestError (/Users/dharun/Desktop/ZX_CRM/ZX-CRM/backend/node_modules/@prisma/client/runtime/binary.js:182:6624)
    at Vg.request (/Users/dharun/Desktop/ZX_CRM/ZX-CRM/backend/node_modules/@prisma/client/runtime/binary.js:182:6308)
    at process.processTicksAndRejections (node:internal/process/task_queues:104:5)
    at async a (/Users/dharun/Desktop/ZX_CRM/ZX-CRM/backend/node_modules/@prisma/client/runtime/binary.js:191:9642)
    at async Promise.all (index 4)
    at async getPlatformStats (/Users/dharun/Desktop/ZX_CRM/ZX-CRM/backend/src/controllers/platformController.js:66:13) {
  code: 'P2022',
  clientVersion: '5.22.0',
  meta: { modelName: 'Workspace', column: 'Workspace.createdAt' }
}
Platform stats error: PrismaClientKnownRequestError: 
Invalid `prisma.workspace.count()` invocation in
/Users/dharun/Desktop/ZX_CRM/ZX-CRM/backend/src/controllers/platformController.js:71:30

  68 prisma.workspace.count({ where: { status: "ACTIVE" } }),
  69 prisma.user.count({ where: { role: { not: "PLATFORM_OWNER" } } }),
  70 prisma.lead.count(),
→ 71 prisma.workspace.count(
The column `Workspace.createdAt` does not exist in the current database.
    at Vg.handleRequestError (/Users/dharun/Desktop/ZX_CRM/ZX-CRM/backend/node_modules/@prisma/client/runtime/binary.js:182:7317)
    at Vg.handleAndLogRequestError (/Users/dharun/Desktop/ZX_CRM/ZX-CRM/backend/node_modules/@prisma/client/runtime/binary.js:182:6624)
    at Vg.request (/Users/dharun/Desktop/ZX_CRM/ZX-CRM/backend/node_modules/@prisma/client/runtime/binary.js:182:6308)
    at process.processTicksAndRejections (node:internal/process/task_queues:104:5)
    at async a (/Users/dharun/Desktop/ZX_CRM/ZX-CRM/backend/node_modules/@prisma/client/runtime/binary.js:191:9642)
    at async Promise.all (index 4)
    at async getPlatformStats (/Users/dharun/Desktop/ZX_CRM/ZX-CRM/backend/src/controllers/platformController.js:66:13) {
  code: 'P2022',
  clientVersion: '5.22.0',
  meta: { modelName: 'Workspace', column: 'Workspace.createdAt' }
}
Platform stats error: PrismaClientKnownRequestError: 
Invalid `prisma.workspace.count()` invocation in
/Users/dharun/Desktop/ZX_CRM/ZX-CRM/backend/src/controllers/platformController.js:68:30

  65     newLeadsThisMonth
  66 ] = await Promise.all([
  67     prisma.workspace.count(),
→ 68     prisma.workspace.count(
The column `Workspace.status` does not exist in the current database.
    at Vg.handleRequestError (/Users/dharun/Desktop/ZX_CRM/ZX-CRM/backend/node_modules/@prisma/client/runtime/binary.js:182:7317)
    at Vg.handleAndLogRequestError (/Users/dharun/Desktop/ZX_CRM/ZX-CRM/backend/node_modules/@prisma/client/runtime/binary.js:182:6624)
    at Vg.request (/Users/dharun/Desktop/ZX_CRM/ZX-CRM/backend/node_modules/@prisma/client/runtime/binary.js:182:6308)
    at process.processTicksAndRejections (node:internal/process/task_queues:104:5)
    at async a (/Users/dharun/Desktop/ZX_CRM/ZX-CRM/backend/node_modules/@prisma/client/runtime/binary.js:191:9642)
    at async Promise.all (index 1)
    at async getPlatformStats (/Users/dharun/Desktop/ZX_CRM/ZX-CRM/backend/src/controllers/platformController.js:66:13) {
  code: 'P2022',
  clientVersion: '5.22.0',
  meta: { modelName: 'Workspace', column: 'Workspace.status' }
}
[2026-05-05T11:02:16.133Z] [PID: 88672] [32m[NODE-CRON][32m [33m[WARN][0m missed execution at Tue May 05 2026 16:30:00 GMT+0530 (India Standard Time)! Possible blocking IO or high CPU user at the same process used by node-cron.
[2026-05-05T11:02:16.143Z] [PID: 88672] [32m[NODE-CRON][32m [33m[WARN][0m missed execution at Tue May 05 2026 16:30:00 GMT+0530 (India Standard Time)! Possible blocking IO or high CPU user at the same process used by node-cron.
[2026-05-05T11:02:16.150Z] [PID: 88672] [32m[NODE-CRON][32m [33m[WARN][0m missed execution at Tue May 05 2026 16:30:00 GMT+0530 (India Standard Time)! Possible blocking IO or high CPU user at the same process used by node-cron.
[2026-05-05T11:02:16.157Z] [PID: 88672] [32m[NODE-CRON][32m [33m[WARN][0m missed execution at Tue May 05 2026 16:30:00 GMT+0530 (India Standard Time)! Possible blocking IO or high CPU user at the same process used by node-cron.
[2026-05-05T11:09:33.813Z] [PID: 88672] [32m[NODE-CRON][32m [33m[WARN][0m missed execution at Tue May 05 2026 16:35:00 GMT+0530 (India Standard Time)! Possible blocking IO or high CPU user at the same process used by node-cron.
[2026-05-05T11:09:33.818Z] [PID: 88672] [32m[NODE-CRON][32m [33m[WARN][0m missed execution at Tue May 05 2026 16:35:00 GMT+0530 (India Standard Time)! Possible blocking IO or high CPU user at the same process used by node-cron.
Running Gmail fallback sync...
Running Meta Ads polling fallback cron job...
Gmail Cron: No active Gmail integration found
Running Gmail fallback sync...
Running Meta Ads polling fallback cron job...
Gmail Cron: No active Gmail integration found
Running Gmail fallback sync...
Running Meta Ads polling fallback cron job...
Gmail Cron: No active Gmail integration found
[32m[nodemon] restarting due to changes...[39m
[32m[nodemon] starting `node src/server.js`[39m
[32m[nodemon] still waiting for 1 sub-process to finish...[39m
[dotenv@17.2.3] injecting env (20) from .env -- tip: ⚙️  write to custom object with { processEnv: myObject }
[Scheduler] Starting background jobs...
Server running on http://localhost:5001
Backend initialized at 2026-05-05T11:55:36.289Z
Running Meta Ads polling fallback cron job...
Running Gmail fallback sync...
Gmail Cron: No active Gmail integration found
[LeadRouter] Routing request for Lead: Bamini (Score: 0, AssignedTo: null)
[LeadRouter] Lead 8fe932fc-4aab-49c9-b2a2-71f4df9de5eb skipped: score 0 is below threshold.
Running Gmail fallback sync...
Running Meta Ads polling fallback cron job...
Gmail Cron: No active Gmail integration found
Call logs error: {
  success: false,
  statusCode: 401,
  message: 'Unauthorized',
  timestamp: '2026-05-05T12:17:25.749Z',
  path: '/api/v1/call-logs?page=1&limit=50',
  method: 'GET'
}
Call logs error: {
  success: false,
  statusCode: 401,
  message: 'Unauthorized',
  timestamp: '2026-05-05T12:17:25.964Z',
  path: '/api/v1/call-logs?page=1&limit=50',
  method: 'GET'
}
Running Meta Ads polling fallback cron job...
Running Gmail fallback sync...
Gmail Cron: No active Gmail integration found
Running Meta Ads polling fallback cron job...
Running Gmail fallback sync...
Gmail Cron: No active Gmail integration found
Running Meta Ads polling fallback cron job...
Running Gmail fallback sync...
Gmail Cron: No active Gmail integration found
Running Meta Ads polling fallback cron job...
Running Gmail fallback sync...
Gmail Cron: No active Gmail integration found
[32m[nodemon] restarting due to changes...[39m
[32m[nodemon] starting `node src/server.js`[39m
[32m[nodemon] still waiting for 1 sub-process to finish...[39m
[dotenv@17.2.3] injecting env (20) from .env -- tip: 🔐 prevent building .env in docker: https://dotenvx.com/prebuild
[Scheduler] Starting background jobs...
Server running on http://localhost:5001
Backend initialized at 2026-05-05T13:24:40.948Z
[32m[nodemon] restarting due to changes...[39m
[32m[nodemon] starting `node src/server.js`[39m
[dotenv@17.2.3] injecting env (20) from .env -- tip: 🔐 prevent building .env in docker: https://dotenvx.com/prebuild
[Scheduler] Starting background jobs...
Server running on http://localhost:5001
Backend initialized at 2026-05-05T13:24:42.238Z
Running Meta Ads polling fallback cron job...
Running Gmail fallback sync...
Gmail Cron: No active Gmail integration found
